CID,Plant absorption and mobility,Soil absorption and mobility,Plant bioconcentrations,Terrestrial animals bioconcentrations,Aquatic animals bioconcentrations,Sediment and soil bioconcentrations,Aerobic degradation,Anaerobic degradation
10005,0,1,0,0,0,0,1,1
10007,0,0,0,0,0,0,0,0
1001,0,0,1,0,1,0,0,0
10039,0,0,0,0,0,1,0,0
1004,0,1,0,0,0,0,0,0
10041,0,1,0,0,0,0,1,1
10066,0,0,0,0,1,1,0,0
10085783,1,0,0,0,0,0,0,0
10100,0,0,0,0,0,0,0,0
10107,0,1,0,0,0,1,1,1
10110536,1,0,0,0,0,0,0,0
10112,0,0,0,0,0,1,0,0
101525,1,0,0,0,0,1,0,0
10157484,1,0,0,0,0,0,0,0
1017,0,1,1,0,1,1,1,1
10178,0,0,0,0,0,1,1,1
10219,0,0,0,0,0,0,0,0
10234,0,1,0,0,0,0,0,0
10234702,0,0,0,0,1,0,0,0
10238657,1,0,0,0,0,0,0,0
10241,0,0,0,1,1,1,0,0
10255083,0,1,0,0,0,0,0,0
10285,0,0,0,0,0,1,0,0
10298,0,0,0,0,0,0,0,0
1030,0,1,0,0,0,0,1,1
10307,0,0,0,0,0,0,0,0
1031,0,1,0,0,1,0,1,1
1032,0,1,0,0,1,1,1,1
10342051,0,0,0,0,1,1,0,0
10372,0,1,0,0,0,0,0,0
10405,0,1,0,0,0,0,1,1
10430,0,1,0,0,1,0,1,1
10439,0,1,0,0,0,0,1,1
10452,0,0,0,0,0,1,0,0
10461,0,1,0,0,0,1,1,1
10472,0,0,1,0,0,1,0,0
10476,0,0,0,0,0,0,0,0
10477,0,1,0,0,0,0,1,1
10482,0,1,0,0,0,0,0,0
10485,0,1,0,0,0,0,0,0
1049,0,1,1,0,0,1,1,1
105010,1,0,0,0,0,0,0,0
10509,0,1,0,0,0,0,1,1
10522,0,1,0,0,0,1,1,1
10553,0,1,0,0,0,1,1,1
10555,0,0,0,0,0,1,0,0
10560,0,1,0,0,0,0,0,0
10563,0,0,0,0,0,0,0,0
10564,0,0,0,0,0,1,0,0
1057,0,1,0,0,0,0,1,1
10617,0,0,0,0,0,0,0,0
10631,0,0,0,0,0,0,0,0
10660,0,0,0,0,0,0,0,0
10667,0,1,0,0,0,0,0,0
1068,0,1,1,0,0,1,1,1
10686,0,0,1,1,1,0,0,0
10693,0,0,1,0,1,1,1,1
10739,0,0,0,0,0,0,0,0
107526,0,1,1,0,0,0,1,1
10757,0,1,0,0,0,0,1,1
10760,0,1,0,0,0,0,0,0
107720,1,0,0,0,0,0,0,0
107828,1,0,0,0,0,0,0,0
10788,0,1,0,0,0,0,1,1
107901,1,0,0,0,0,0,0,0
10791,0,0,0,0,0,1,0,0
10800,0,1,0,0,0,1,1,1
10813,0,0,0,0,0,0,0,0
108177,0,1,0,1,1,1,1,1
10836,0,0,0,0,0,0,0,0
10867,0,0,0,0,0,0,1,1
10871,0,1,0,0,0,0,1,1
10900,0,1,0,0,1,1,1,1
10903,0,1,0,0,0,0,1,1
10907,0,0,0,0,1,0,0,0
10908,0,1,0,0,0,0,1,1
10911,0,0,0,1,1,1,0,0
10913,0,0,0,1,1,1,0,0
10915,0,0,0,0,0,0,0,0
10928,0,1,0,0,0,0,1,1
10935908,1,0,0,0,0,0,0,0
10943,0,1,1,1,1,1,1,1
10958189,1,0,0,0,0,0,0,0
10967,0,1,0,0,0,1,0,0
10977,0,1,0,0,0,0,1,1
10985889,0,0,1,1,1,1,0,0
10986,0,0,0,0,0,0,0,0
10989,0,0,0,0,0,0,1,1
11,0,1,0,0,1,1,1,1
11005,0,0,1,1,1,1,0,0
11006,0,0,1,1,1,1,0,0
11008,0,0,1,0,0,1,0,0
11009,0,0,0,0,0,0,0,0
11016,0,0,0,0,0,0,0,0
11029,0,0,0,0,0,0,0,0
11048796,1,0,0,0,0,0,0,0
11057,0,0,0,0,1,0,0,0
11057755,1,0,0,0,0,0,0,0
11079,0,0,0,0,0,0,0,0
11097730,1,0,0,0,0,0,0,0
1110,0,1,0,0,0,1,1,1
11105289,0,0,0,0,1,0,0,0
11124,0,0,1,0,1,0,0,0
11137,0,1,0,0,0,0,1,1
11140605,1,0,0,0,0,0,0,0
11150163,1,0,0,0,0,0,0,0
11158353,1,0,0,0,0,0,0,0
11159021,1,0,1,0,0,0,0,0
11164,0,1,0,0,0,0,1,1
11169,0,0,0,1,1,1,0,0
1118,0,1,1,0,0,0,0,0
11186,0,0,0,0,0,0,0,0
1119,0,1,1,0,0,0,1,1
11192,0,0,0,0,0,0,0,0
11193251,1,0,0,0,0,1,0,0
11205,0,1,0,0,0,0,1,1
11205153,1,0,0,0,0,0,0,0
11232,0,0,0,0,0,1,0,0
11236201,1,0,0,0,0,0,0,0
11241,0,1,0,0,0,0,1,1
11245,0,0,0,0,1,0,0,0
11247,0,0,0,0,0,0,0,0
11271640,1,0,0,0,0,0,0,0
11285653,1,0,0,0,0,0,0,0
11292,0,0,0,0,0,0,0,0
11292824,1,0,0,0,0,0,0,0
11294,0,1,0,0,0,0,1,1
1130,0,0,1,0,0,0,0,0
11302979,1,0,0,0,0,0,0,0
11328,0,0,0,0,1,1,0,0
1133,0,0,0,0,0,0,1,1
11334,0,0,0,0,0,1,0,0
11338509,1,0,0,0,0,0,0,0
11348992,1,0,0,0,0,0,0,0
11368,0,0,0,0,0,0,0,0
11378442,0,0,0,0,0,0,0,0
11380,0,1,0,0,0,0,1,1
1140,0,1,1,0,1,1,1,1
11419598,1,0,0,0,0,0,0,0
11429,0,1,0,0,0,0,1,1
11434448,1,0,0,0,0,0,0,0
11442,0,0,0,0,0,0,0,0
11443,0,1,0,0,0,0,1,1
1146,0,1,1,0,1,1,1,1
114760,0,0,0,1,1,1,0,0
11485,0,0,0,0,0,0,0,0
11487,1,1,0,0,0,0,1,1
11488729,1,0,0,0,0,0,0,0
11493665,1,0,0,0,0,0,0,0
11500973,1,0,0,0,0,0,0,0
11512926,1,0,0,0,0,0,0,0
115224,1,0,1,1,0,0,0,0
11534837,1,0,0,0,0,0,0,0
11552,0,1,0,0,0,1,1,1
11556910,1,0,0,0,0,0,0,0
11556911,1,0,0,0,0,0,0,0
11568,0,0,0,0,0,0,1,1
11571,0,0,0,0,0,1,0,0
11571392,1,0,0,0,0,0,0,0
11571555,1,0,0,0,0,0,0,0
11578610,1,0,0,0,0,0,0,0
11583,0,1,0,0,1,1,1,1
11584,0,0,0,0,0,0,0,0
11591,0,0,0,0,0,0,0,0
11597,0,1,0,0,1,0,1,1
11610,0,1,0,0,0,0,1,1
11635,0,0,1,0,1,1,0,0
11636,0,0,1,1,1,1,0,0
11636326,1,0,0,0,0,0,0,0
11641,0,1,0,0,0,0,0,0
11649137,0,0,0,0,1,0,0,0
11664966,1,0,0,0,0,0,0,0
11666,0,1,0,0,0,0,1,1
11674,0,1,0,0,0,0,0,0
11674113,1,0,0,0,0,0,0,0
11688533,1,0,0,0,0,0,0,0
11693711,1,0,0,0,0,0,0,0
11700495,1,0,0,0,0,0,0,0
11715,0,1,1,0,0,0,0,0
11722,0,0,0,0,0,0,1,1
11727,0,0,0,0,0,1,0,0
117291,0,0,0,1,1,1,0,0
11747,0,0,1,0,1,0,0,0
1176,0,1,0,0,0,0,1,1
11761,0,0,0,0,0,1,0,0
11775,0,0,0,0,0,0,0,0
11784975,1,0,0,0,0,0,0,0
11813,0,0,0,1,1,1,0,0
11826859,1,0,0,0,0,0,0,0
11828,0,0,0,0,0,0,0,0
1183,0,1,1,0,0,1,1,1
11831,0,1,0,0,0,1,1,1
11839,0,0,0,0,1,1,0,0
11842644,1,0,0,0,0,0,0,0
11847,0,0,1,1,1,1,0,0
11852,0,0,0,0,0,1,0,0
11855,1,0,0,1,1,1,1,1
11859,0,0,0,0,1,1,0,0
11899,0,0,0,0,1,1,0,0
11905,0,0,0,0,0,0,1,1
11955,0,0,0,0,0,0,0,0
11976,0,0,0,0,0,1,0,0
12005,0,0,1,1,1,1,0,0
12018,0,0,0,0,0,0,1,1
12025,0,0,0,0,1,0,1,1
12035,0,0,0,0,0,0,0,0
12056759,1,0,0,0,0,0,0,0
12056760,1,0,0,0,0,0,0,0
12067,0,0,0,0,0,1,0,0
12099,0,1,0,0,0,0,0,0
12111,0,0,0,0,0,1,0,0
12130,0,0,1,0,0,1,0,0
12151362,1,0,0,0,0,0,0,0
122087,1,0,0,0,0,1,0,0
12220,0,1,0,0,0,0,1,1
12228,0,1,0,0,0,0,1,1
12232,0,0,1,0,1,1,0,0
12259,0,1,0,0,0,0,0,0
12278,0,0,0,0,1,0,0,0
122903,0,1,0,0,0,0,1,1
12306,0,0,0,0,0,0,1,1
12310947,1,0,0,0,0,0,0,0
12329,0,0,0,0,1,1,0,0
123627,1,0,0,0,0,0,0,0
12374,0,0,0,0,0,1,0,0
12375,0,1,0,0,0,0,1,1
12388,0,0,1,1,1,1,0,0
12389,0,0,1,1,1,1,0,0
12391,0,0,1,1,1,1,0,0
12398,0,0,1,0,1,1,0,0
12401,0,0,1,0,1,1,0,0
12403,0,0,1,0,1,1,0,0
12404,0,0,1,0,1,1,0,0
12405,0,0,1,0,1,1,0,0
12406,0,0,1,0,1,1,0,0
12407,0,0,1,0,0,1,0,0
12408,0,0,1,0,1,1,0,0
12409,0,0,1,0,1,1,0,0
12410,0,0,1,0,1,1,0,0
12437,0,0,0,0,0,0,0,0
12463,0,0,1,1,1,1,0,0
12468,0,0,1,1,1,1,0,0
12471,0,0,0,0,0,0,1,1
12523,0,0,1,0,1,1,0,0
12534,0,0,1,0,1,1,0,0
12535,0,0,1,0,1,1,0,0
1254,0,1,1,0,0,0,1,1
12540,0,0,0,0,0,1,0,0
12541,1,0,0,0,0,1,0,0
12542,1,0,0,0,0,0,1,1
12560,0,0,0,0,0,0,0,0
12563,0,0,0,0,1,1,0,0
12572,0,1,0,0,0,0,1,1
12588,0,1,0,0,0,0,1,1
12592,0,0,1,0,1,1,0,0
12598,0,0,0,0,0,0,0,0
12612,1,0,0,0,0,0,0,0
12620,0,0,1,0,1,1,0,0
12661,0,1,0,0,0,0,1,1
12679,0,1,0,0,0,0,0,0
12688,0,0,0,0,1,1,0,0
126941,0,0,0,0,0,0,0,0
12695,0,0,0,0,0,0,0,0
1269845,0,0,0,0,0,0,0,0
128563,0,0,1,0,0,1,0,0
12867,0,0,0,0,1,1,1,1
12898,1,0,0,0,0,0,0,0
12901,0,1,0,0,0,1,1,1
12932,0,1,0,0,0,0,1,1
12958,0,0,0,0,0,0,1,1
12960,0,1,0,0,0,0,1,1
12968,1,1,0,0,0,1,1,1
13,0,1,1,1,1,1,1,1
13032,0,0,0,0,0,1,0,0
13076,0,0,0,0,1,1,0,0
13081,0,1,1,0,1,1,1,1
131204,0,0,0,0,0,0,0,0
13165,0,1,0,0,0,0,1,1
13190,0,1,0,0,0,0,1,1
13214,0,0,0,0,0,0,0,0
13263,0,1,0,0,1,1,1,1
13290,0,1,0,0,0,0,1,1
132988485,0,0,1,0,1,0,0,0
13305,0,1,0,0,0,0,1,1
13342,0,0,0,0,0,0,0,0
13363033,1,0,0,0,0,0,0,0
13381,0,1,1,0,0,0,1,1
134159042,0,0,0,0,0,1,0,0
13428,0,0,0,0,1,0,0,0
13450,1,1,0,0,1,1,1,1
1349907,0,0,0,0,0,0,0,0
135,0,0,0,0,0,1,0,0
13505,0,0,0,0,0,0,0,0
13506,0,1,0,0,0,0,1,1
13524,0,0,0,0,0,0,0,0
135398658,0,1,1,1,0,0,1,1
135398733,1,0,0,0,0,0,0,0
135398735,0,0,0,0,0,0,0,0
135398738,0,0,0,0,0,0,0,0
135401907,0,0,0,0,0,0,0,0
135403648,0,0,0,1,0,0,0,0
135403805,0,0,0,0,1,1,0,0
13542,0,0,0,0,1,0,0,0
135424354,1,0,0,0,0,0,0,0
135438605,1,0,0,0,0,0,0,0
135474890,1,0,0,0,0,0,0,0
135491728,1,0,0,0,0,0,0,0
135491830,1,0,0,0,0,1,0,0
135515530,1,0,0,0,0,0,0,0
13556,0,1,0,0,0,0,0,0
135571111,1,0,0,0,0,0,0,0
135585373,1,0,0,0,0,0,0,0
135779803,1,0,0,0,0,0,0,0
13583,0,0,0,0,0,0,1,1
13591,0,0,1,0,1,0,0,0
13618,0,0,0,0,1,1,0,0
13633097,1,0,0,0,0,0,0,0
13636,0,0,0,0,0,1,0,0
13651206,0,0,0,0,0,0,1,1
13676,0,1,0,0,0,1,1,1
13707,1,0,0,0,0,0,0,0
13709,0,1,0,1,0,1,1,1
13721,0,1,0,0,0,0,1,1
13728,1,1,0,0,0,1,1,1
13745,0,0,1,1,0,0,0,0
13765,0,0,0,0,0,0,0,0
13769,0,0,0,0,0,0,0,0
13783,0,1,0,0,0,0,1,1
13814,0,1,0,0,0,0,0,0
13836,1,1,0,0,0,0,1,1
13880,1,0,0,0,0,0,0,0
13904,1,1,0,0,1,0,1,1
13905,1,0,0,0,0,0,0,0
13930,0,0,1,1,1,1,0,0
13940,0,0,1,1,1,1,0,0
14012,0,1,0,0,0,0,1,1
14013,0,0,0,0,0,0,0,0
14016,0,0,1,0,1,1,0,0
14017,1,0,0,0,0,0,0,0
14052,0,0,0,0,0,0,0,0
14119,0,1,0,0,0,0,1,1
14145,1,1,0,0,0,0,1,1
14210,0,0,1,0,0,1,0,0
14215,1,1,0,0,0,1,1,1
14217,0,1,0,0,0,0,1,1
14217092,0,0,0,1,1,0,0,0
14236,0,0,0,0,1,1,0,0
14257,0,0,1,1,1,1,0,0
14260,0,1,0,0,0,0,1,1
14264,0,1,0,0,0,0,1,1
14337,0,1,0,0,0,0,1,1
14410,0,0,1,1,1,1,0,0
14457,0,0,0,0,0,0,0,0
145068,0,0,0,0,0,0,0,0
145742,0,1,1,0,0,0,1,1
14678,0,1,0,0,0,0,0,0
14716,0,1,0,1,0,0,1,1
14782,0,0,0,0,0,0,0,0
14783,0,0,0,0,0,0,0,0
14786,0,0,0,0,0,0,0,0
14792,0,0,0,0,0,1,0,0
14794,0,1,0,0,0,1,1,1
14797,0,0,0,0,0,0,0,0
14798,0,0,0,0,0,0,1,1
1480,1,1,1,1,0,1,1,1
14802,0,0,1,0,0,1,0,0
14804,0,0,0,0,0,0,0,0
14805,0,0,0,0,0,0,0,0
14806,1,0,0,0,0,1,0,0
14814,0,0,0,0,0,0,0,0
14815,0,0,0,0,0,0,0,0
14818,0,1,0,0,0,0,0,0
14819,0,0,0,0,0,1,0,0
14823,0,0,0,0,0,1,0,0
14827,0,0,0,0,0,1,0,0
1483,0,0,0,0,1,1,0,0
14855,0,0,1,0,1,1,0,0
1486,1,1,1,1,1,1,1,1
14888,0,0,0,0,0,0,0,0
1489,1,0,0,0,0,0,0,0
14899,0,0,0,0,0,0,0,0
14915,0,0,0,0,0,0,1,1
14917,0,0,0,0,0,0,0,0
1493,0,1,1,0,1,1,1,1
14935,0,0,0,0,0,0,0,0
14941,0,0,0,0,0,0,0,0
14961,0,0,0,0,1,1,0,0
14985,0,1,1,0,1,1,1,1
14993,0,1,0,0,0,0,1,1
14994,0,1,0,1,0,1,1,1
15096,0,0,0,0,1,1,0,0
15098,0,0,0,0,0,1,0,0
15118048,1,0,0,0,0,0,0,0
152031,1,0,0,0,0,0,0,0
15209,0,0,0,0,0,0,0,0
15278,0,0,0,0,0,1,0,0
1530,0,0,0,0,1,0,0,0
15331,1,1,0,0,0,0,1,1
15340,0,0,0,0,0,1,1,1
15359,1,0,0,0,0,0,0,0
153847,1,0,0,0,0,0,0,0
15390131,1,0,0,0,0,0,0,0
153909,1,0,0,0,0,0,0,0
153920,1,0,0,0,0,0,0,0
15413,0,0,0,0,0,1,0,0
15450,0,0,0,0,0,1,0,0
15457339,1,0,0,0,0,0,0,0
15459,0,0,0,0,0,0,0,0
15478,0,0,0,0,0,1,0,0
1548943,0,1,1,0,0,0,0,0
1549026,0,1,1,0,0,0,0,0
15530,0,1,0,0,0,0,1,1
15531,1,1,0,0,0,1,1,1
15546,1,1,0,0,1,1,1,1
15553,1,0,0,0,0,0,0,0
15600,0,1,1,1,1,1,1,1
15604010,1,0,0,0,0,0,0,0
15624,1,0,0,0,0,0,0,0
15625,0,0,1,1,1,1,0,0
15629,0,0,0,0,0,1,0,0
156391,0,0,0,0,0,0,0,0
15661,0,0,1,0,1,0,0,0
15662,0,0,1,0,1,1,0,0
15663,0,0,1,0,1,1,0,0
15666,0,0,0,0,0,0,1,1
1567,0,0,0,0,0,1,0,0
15724678,0,0,1,1,1,1,0,0
15764013,0,0,0,0,0,0,0,0
15766,0,0,0,0,1,0,0,0
15767,0,0,1,1,1,1,0,0
15787,1,1,1,0,1,1,1,1
15793,0,1,0,0,0,0,1,1
158076,1,0,0,0,0,0,0,0
15910,0,1,1,1,1,1,1,1
15939,1,1,1,0,0,1,1,1
15965,1,1,1,0,0,1,1,1
15969,0,1,0,0,0,0,1,1
159712,1,0,0,0,0,0,0,0
15979,0,0,1,0,1,1,0,0
16003,0,1,0,0,0,1,1,1
16034,0,0,0,0,0,0,0,0
16043,0,1,0,0,0,0,1,1
16073,0,1,0,0,0,0,1,1
16078,0,0,1,0,0,1,0,0
16115,1,1,0,0,0,0,1,1
16116,1,1,0,0,0,0,1,1
16129616,0,0,0,0,0,0,0,0
16129617,0,0,0,0,0,0,0,0
16129778,0,0,0,0,0,0,0,0
16132283,0,0,0,0,0,0,0,0
1617113,1,0,0,0,0,0,0,0
16180,0,0,0,0,0,1,1,1
16181,1,1,0,0,0,1,1,1
16183,0,0,1,0,0,0,1,1
16211214,1,0,0,0,0,0,1,1
16212360,0,1,1,0,0,0,1,1
16213016,1,0,0,0,0,0,0,0
16238,0,0,0,0,0,1,0,0
16247,0,1,0,0,0,0,1,1
16248,0,1,0,0,0,0,1,1
162839,1,0,0,0,0,0,0,0
163659,0,0,0,0,0,0,0,0
1639,1,0,0,0,0,0,0,0
16402,0,1,0,0,0,0,1,1
16421,0,0,0,0,0,1,0,0
1647,0,0,0,0,0,0,0,0
16554,0,1,0,0,0,0,1,1
16559,1,0,0,0,0,0,0,0
16562,1,1,0,0,0,0,1,1
16565,0,1,0,0,0,0,1,1
16591,0,1,0,0,0,0,0,0
16606,0,1,0,0,0,0,1,1
16653,1,1,0,1,0,1,1,1
16656802,1,0,0,0,0,0,0,0
16682730,0,1,1,0,0,0,1,1
16682734,0,0,0,0,0,0,0,0
16682738,0,0,0,1,1,1,0,0
16682746,0,0,0,0,1,1,0,0
16682804,0,1,0,0,0,1,1,1
16682924,0,1,0,0,0,0,1,1
16682942,0,1,0,0,0,0,1,1
16686,0,0,0,0,0,0,0,0
16692,0,0,0,1,1,1,0,0
16693908,0,1,1,0,0,0,0,0
16704,0,1,0,0,0,0,0,0
16724,1,0,0,0,0,0,0,0
1674,0,0,0,0,0,1,0,0
16752772,1,0,0,0,0,0,0,0
16774,0,0,0,0,0,0,0,0
168266382,0,0,0,0,0,0,0,0
16850,0,1,0,0,0,0,0,0
16907,0,0,0,0,0,0,0,0
16930,0,0,0,0,0,1,0,0
16932,0,1,1,1,1,1,1,1
16945,1,1,0,1,1,1,1,1
170356,1,0,0,0,0,0,0,0
17038,1,1,0,0,0,0,1,1
17041,0,1,0,0,0,0,0,0
17049,0,1,0,0,0,0,0,0
17095,0,1,0,0,0,0,1,1
17109,0,1,1,0,0,0,1,1
17110,0,1,0,0,0,0,1,1
17112,1,0,0,0,0,0,0,0
171548,0,0,0,0,0,0,0,0
17168,0,1,0,0,0,0,0,0
17169,1,0,0,0,0,0,0,0
17271,0,0,0,0,0,0,0,0
17312,0,0,0,0,0,0,1,1
1732,0,0,0,0,0,1,0,0
17334,1,0,0,0,0,0,0,0
17345,0,1,1,0,0,0,1,1
17358,0,1,0,0,0,1,0,0
173964,1,0,0,0,0,0,0,0
17423,1,0,0,0,0,0,0,0
17432,0,1,0,0,0,1,1,1
17434,1,1,1,0,0,0,1,1
17435,0,1,0,0,0,1,1,1
17516,0,1,0,0,0,0,1,1
1752,0,0,1,1,1,1,0,0
17521,1,0,0,0,0,0,0,0
17531,0,1,1,1,1,1,1,1
17532,0,0,0,1,0,0,0,0
17564,0,0,0,0,0,0,0,0
17581,1,1,0,0,0,1,1,1
17596,0,0,1,0,0,1,0,0
175967,1,0,0,0,0,0,0,0
176,0,1,1,1,1,1,1,1
17607,0,0,0,0,0,0,0,0
17693,0,1,0,0,0,0,0,0
177,0,1,1,0,0,0,1,1
17717,0,1,0,0,0,0,0,0
17747875,1,0,0,0,0,0,0,0
1775,0,0,0,0,0,0,0,0
178117,1,0,0,0,0,0,0,0
178795,1,0,0,0,0,0,0,0
179,0,1,0,0,0,0,1,1
180,0,1,1,0,0,1,1,1
180089,1,0,0,0,0,0,0,0
18052,0,1,0,0,0,0,0,0
18086,0,0,0,0,0,0,1,1
18290,1,1,0,0,0,0,1,1
182951,1,0,0,0,0,0,0,0
18381,0,0,0,0,0,0,0,0
18430,0,0,0,0,0,0,1,1
184601,1,0,0,0,0,0,0,0
184900,1,0,0,0,0,0,0,0
184933,0,0,0,0,0,0,0,0
18523,0,0,0,0,0,0,1,1
18541957,0,0,0,0,0,1,0,0
18555,0,0,0,0,1,0,0,0
18609,0,0,0,0,0,0,0,0
18621,0,0,0,0,0,0,0,0
18629822,1,0,0,0,0,0,0,0
18635,0,0,1,0,1,0,0,0
18636,0,0,1,1,1,1,0,0
18728,0,0,0,1,1,1,0,0
18752,1,0,0,0,0,0,0,0
18771,0,1,0,0,0,0,0,0
18932,0,1,1,1,1,1,1,1
19090,0,0,0,0,0,0,0,0
19092,0,0,0,0,0,1,0,0
19150,0,0,0,0,0,0,0,0
19190,0,0,0,0,0,0,0,0
19232,0,0,0,0,0,0,0,0
19283,0,0,0,0,0,1,0,0
19284,0,1,0,0,0,1,1,1
19309,0,0,1,1,0,0,0,0
19395,0,1,0,0,0,1,0,0
19402,1,0,0,1,0,0,0,0
19427,0,0,0,0,0,1,0,0
19493,0,0,0,0,0,0,0,0
19519,0,0,0,0,1,0,1,1
19520,0,0,0,1,1,1,0,0
19539,1,0,0,0,0,0,0,0
19588,1,0,0,0,0,0,0,0
196,0,1,1,0,0,1,1,1
19649,0,1,0,0,1,0,0,0
19662,1,0,0,0,0,0,0,0
1972,0,0,0,0,0,0,0,0
197225,1,0,0,0,0,0,0,0
19736,0,0,0,0,1,0,0,0
19756,1,0,0,0,0,0,0,0
1982,1,0,0,0,0,0,0,0
1983,0,0,0,0,0,0,0,0
1986,0,0,0,0,0,0,0,0
1988,1,0,0,0,0,1,0,0
1989,0,0,0,0,0,0,0,0
20105,1,0,0,0,0,0,0,0
20138,0,1,1,0,1,0,1,1
2019,0,0,0,0,0,0,0,0
20226,1,0,0,0,0,0,0,0
20382,0,0,0,1,1,0,0,0
20593234,1,0,0,0,0,0,0,0
2078,1,1,1,0,0,0,1,1
2082,1,0,0,0,0,0,0,0
20824,0,0,0,0,0,0,0,0
20848,1,1,0,0,0,0,1,1
2086,0,1,1,0,0,1,1,1
2087,0,1,1,1,1,1,1,1
21013,0,0,0,1,1,1,0,0
210326,1,0,0,0,0,0,0,0
21152,0,0,0,0,0,0,1,1
2124,0,0,0,0,0,0,0,0
2130,0,0,0,0,0,0,0,0
213012,1,0,0,0,0,0,0,0
213013,1,0,0,1,0,1,0,0
213016,0,0,0,1,1,1,0,0
213021,1,0,1,1,0,0,0,0
213032,1,0,0,0,0,0,0,0
21307,1,1,0,0,0,0,1,1
21330,1,1,0,0,0,0,1,1
2148,0,0,0,0,0,0,0,0
21480,0,0,0,0,0,1,0,0
21492,0,0,0,0,0,0,0,0
2153,0,0,0,0,0,0,0,0
21593892,0,0,0,0,1,0,0,0
2160,0,0,0,0,0,1,0,0
2164,0,0,0,0,0,0,0,0
21648,0,0,1,1,0,0,0,0
21694,0,0,1,0,0,1,0,0
21871655,1,0,0,0,0,0,0,0
21873022,1,0,0,0,0,0,0,0
21888690,1,0,0,0,0,0,0,0
21917771,0,0,0,0,0,0,0,0
21921,0,0,0,0,0,0,0,0
21929,1,0,0,0,0,0,0,0
21954,1,1,1,0,0,1,1,1
2197,0,0,0,0,0,0,0,0
22094,0,1,0,0,0,0,1,1
221493,0,1,0,0,0,0,0,0
22188,1,1,0,0,0,0,1,1
222,0,1,1,0,0,0,1,1
22206,1,0,1,0,0,0,0,0
22235201,1,0,0,0,0,0,0,0
222528,0,0,0,0,0,0,0,0
22311,0,1,1,0,1,1,1,1
2244,0,1,0,0,0,0,1,1
22498,1,0,0,0,0,0,0,0
22544,1,1,1,0,0,1,1,1
2256,1,1,1,0,1,1,1,1
22563,0,0,0,0,0,1,1,1
2266,0,0,0,0,0,1,0,0
2268,0,1,1,1,0,1,1,1
227,0,1,0,0,0,0,1,1
2272,0,1,0,0,0,1,1,1
22833475,0,0,1,1,1,1,0,0
22856,0,0,0,0,0,0,0,0
2286,0,1,0,0,0,0,0,0
22985,0,1,0,0,0,1,1,1
2315,0,0,0,0,0,0,0,0
2319,1,1,0,0,0,0,1,1
23194,0,0,0,0,0,1,0,0
23274975,1,0,0,0,0,0,0,0
2328,1,0,0,0,0,0,0,0
233,1,0,0,0,0,0,0,0
2336,0,1,1,1,1,1,1,1
2342,0,0,0,0,0,0,0,0
23424322,1,0,0,0,0,0,0,0
2343,0,0,0,0,0,0,0,0
23436,0,0,0,0,1,1,0,0
2345,0,1,1,0,0,1,1,1
23466,1,0,0,0,0,0,0,0
2347,1,1,1,0,1,1,1,1
23558,0,0,0,0,0,1,0,0
2365,0,1,0,0,0,0,0,0
23662264,0,0,0,0,1,0,0,0
23662383,0,0,0,0,0,0,1,1
23663539,0,0,0,0,0,0,1,1
23664719,0,1,0,0,0,0,1,1
23665760,0,0,0,0,0,0,0,0
23665763,0,0,0,0,0,0,0,0
23665884,0,0,0,0,0,0,1,1
23666328,0,1,0,0,0,0,1,1
23667548,0,0,0,0,0,0,0,0
23667639,1,0,0,0,0,0,0,0
23668193,0,0,0,0,0,0,0,0
23668198,0,0,0,0,0,0,1,1
23668346,0,0,0,0,0,0,0,0
23670593,0,0,0,0,0,0,1,1
23672064,0,0,0,0,0,0,0,0
23673461,0,0,0,0,0,0,0,0
23673837,0,0,0,0,0,0,0,0
23675317,0,0,0,0,0,0,0,0
23676225,0,0,1,0,1,0,0,0
23676736,1,0,0,0,0,0,0,0
23679004,0,0,0,0,0,0,0,0
23682187,1,0,0,0,0,0,0,0
23682789,1,0,0,0,0,0,0,0
23690431,0,1,0,0,0,0,1,1
237,0,0,0,0,0,0,0,0
23717,1,0,0,0,0,0,0,0
23897,0,0,0,0,0,0,0,0
2391,0,0,0,0,0,0,0,0
23931,0,0,0,0,0,1,1,1
23940,0,0,1,0,1,1,0,0
23954,0,0,0,0,1,0,0,0
23956,0,0,0,0,0,0,0,0
23966,0,0,1,1,1,1,0,0
23969,0,0,0,0,0,0,0,0
23976,0,0,0,0,0,0,0,0
23978,0,0,1,0,0,0,0,0
23985,0,0,1,1,0,1,1,1
240,0,1,1,0,1,1,1,1
24008,0,0,0,0,0,1,0,0
24011,0,1,0,0,0,0,0,0
24012,0,0,0,0,0,0,0,0
2405,0,0,0,0,1,0,0,0
24083,0,0,0,0,0,0,0,0
24085,0,0,1,0,0,0,0,0
241,0,1,1,0,1,1,1,1
24193,0,0,0,0,0,0,0,0
24203,0,0,0,0,0,0,0,0
24261,0,0,0,0,0,0,0,0
24268,0,0,0,0,0,0,0,0
243,1,1,0,0,1,0,1,1
24385,0,0,0,0,0,0,0,0
24393,0,0,0,0,0,0,0,0
244,0,1,1,0,1,1,1,1
24403,0,0,0,0,0,0,0,0
24404,0,1,0,0,0,1,0,0
24408,0,0,0,0,0,0,1,1
24434,0,0,0,0,0,0,0,0
24439,0,0,0,0,0,0,0,0
24450,0,0,0,0,0,0,0,0
24455,0,0,0,0,0,0,0,0
24462,0,0,0,0,0,0,0,0
24463,0,0,1,0,0,0,0,0
24470,0,0,0,0,0,0,0,0
24477,0,0,0,0,0,0,0,0
24482,0,1,0,0,0,0,1,1
24488,0,0,0,0,0,0,0,0
24489,0,0,0,0,0,0,1,1
24495,0,0,0,0,0,0,1,1
24500,1,0,0,0,0,0,0,0
24501,1,0,0,0,0,0,0,0
24504,0,0,0,0,0,0,0,0
24524,0,1,0,0,0,0,0,0
24526,0,0,0,0,0,0,0,0
24547,0,0,0,0,0,0,0,0
24550,0,0,0,0,0,0,0,0
24572,1,0,1,1,0,1,0,0
24586,0,0,0,0,0,0,0,0
24587,0,0,0,0,0,0,0,0
24638,0,1,0,0,0,0,1,1
24639,0,1,1,0,0,1,1,1
246728,0,0,1,0,0,1,0,0
24685,1,1,0,0,0,1,1,1
24722,1,1,0,0,0,0,1,1
24726,0,1,0,0,0,0,1,1
24738,0,1,0,0,0,0,1,1
24743,1,0,0,0,0,0,0,0
24744,1,1,0,0,0,0,1,1
24773,0,0,0,0,1,0,0,0
2479,0,0,0,0,0,0,0,0
24811,0,1,0,0,0,0,0,0
24813,0,1,0,0,0,0,0,0
24820,0,0,0,0,0,0,0,0
24822142,1,0,0,0,0,0,0,0
24823,0,0,0,0,0,0,0,0
24824,0,0,1,1,0,0,0,0
24838536,1,0,0,0,0,0,0,0
24841,0,0,0,0,0,0,0,0
24848,0,0,0,0,0,0,0,0
24850,1,0,0,0,0,0,0,0
24857,0,0,0,0,1,1,0,0
24874,0,0,0,0,0,1,0,0
24883,1,1,0,0,1,1,1,1
248886,0,0,0,0,1,0,0,0
249266,0,0,0,0,1,1,0,0
24934,0,1,0,0,0,1,0,0
24947,0,0,0,0,0,0,0,0
24965,0,0,0,0,0,0,0,0
24978553,0,0,0,0,1,0,0,0
25113606,0,1,0,0,0,0,1,1
2513,1,1,1,0,0,0,1,1
25146,0,1,0,0,0,0,0,0
25154,0,1,0,0,0,0,0,0
25181547,1,0,0,0,0,0,0,0
2519,0,1,1,0,0,1,1,1
25199574,0,0,0,0,0,0,0,0
2520,0,0,0,0,0,1,0,0
25204,0,0,0,0,0,0,0,0
25212,0,0,0,0,0,0,0,0
25214,0,0,1,0,0,1,0,0
25223,0,0,0,0,0,0,0,0
25249,0,0,0,0,0,0,0,0
25271089,1,0,0,0,0,0,0,0
2537,0,1,1,0,0,0,1,1
25408,0,0,0,0,0,0,1,1
25429,1,0,1,1,0,0,0,0
25477,0,0,0,0,0,1,0,0
25517,0,0,0,0,0,0,0,0
2554,0,0,0,0,0,0,0,0
2562,0,0,0,0,0,0,0,0
2566,1,1,1,1,1,1,1,1
25670,0,0,0,0,0,1,0,0
25680,0,0,0,0,0,0,1,1
2576,0,0,0,0,0,0,0,0
25912,1,1,0,0,0,0,1,1
26033,1,0,0,0,0,0,0,0
26042,0,0,0,0,0,0,0,0
26052,0,0,1,0,0,1,0,0
26077,0,0,0,0,0,0,0,0
261,0,0,1,0,0,0,1,1
26111,0,0,1,1,1,1,0,0
26124,1,0,0,0,0,0,0,0
26164,0,0,0,1,0,1,0,0
262,0,1,1,0,0,0,1,1
26229,1,0,0,0,0,0,0,0
263,0,1,1,0,1,0,1,1
264,0,1,0,0,0,1,1,1
26423,0,0,0,0,0,1,0,0
26597,1,0,0,0,0,0,0,0
26633,0,0,0,0,0,0,0,0
26710,1,1,0,0,0,0,1,1
2682,0,0,1,0,1,1,1,1
2707,0,1,0,0,0,0,1,1
2708,0,0,0,0,0,0,0,0
2710,0,0,0,0,0,0,0,0
2712,0,0,0,0,0,0,0,0
27159,1,0,0,0,0,0,0,0
2717,0,0,0,0,0,0,0,0
27189,1,0,0,0,0,0,0,0
2719,0,0,0,0,0,0,0,0
27195,1,0,0,0,0,0,0,0
2720,0,0,0,0,0,0,0,0
2723601,0,0,0,0,0,0,0,0
2723650,0,1,1,0,0,0,1,1
2723790,0,1,1,0,0,0,1,1
2723949,0,1,0,0,0,0,1,1
2724,0,0,0,0,0,0,0,0
2724224,0,1,0,0,0,0,0,0
2724247,0,1,0,0,0,0,0,0
2724385,0,1,1,0,0,0,0,0
2725,0,0,0,0,0,0,0,0
2726,0,0,0,0,0,0,0,0
2727,0,0,0,0,0,0,0,0
2728,1,1,1,0,0,1,1,1
27295,1,0,0,0,0,0,0,0
2730,1,1,0,0,1,1,1,1
2732,0,0,0,0,0,0,0,0
27350,0,0,0,0,0,0,0,0
2735111,0,0,0,0,0,0,0,0
27375,0,0,1,0,0,1,1,1
2743,1,0,0,0,0,0,0,0
27441,0,1,0,0,0,0,1,1
27447,0,0,0,0,0,0,0,0
2758,0,1,1,0,0,1,0,0
27582,0,0,0,0,1,0,0,0
2771,0,0,0,0,1,1,0,0
27756,0,1,0,0,0,0,1,1
2777549,1,0,0,0,0,0,0,0
27867,0,1,0,0,0,0,0,0
27880,0,0,0,0,0,0,0,0
2796,0,0,0,0,0,0,0,0
27975,1,0,0,0,0,0,0,0
27982,1,0,0,0,0,0,1,1
280,0,0,0,0,0,0,0,0
2800,0,0,0,0,0,0,0,0
2802,0,0,0,0,0,0,0,0
2803,0,0,0,0,0,0,0,0
2809,0,0,0,0,0,0,0,0
281,0,0,0,0,0,0,0,0
28116,0,0,0,0,0,0,0,0
2812,0,0,0,0,0,0,0,0
28145,0,0,0,0,0,0,0,0
28292,0,0,0,0,0,1,0,0
284,0,1,1,1,1,1,1,1
28558,0,0,1,1,1,0,0,0
28700,0,1,0,0,0,0,1,1
2871,0,1,0,1,1,1,1,1
28780,1,1,0,0,0,0,1,1
2879,0,1,1,1,0,1,1,1
2882,0,0,0,0,0,0,0,0
289,0,1,1,0,0,0,1,1
2893,0,0,0,0,0,0,0,0
28935,1,1,1,0,0,0,1,1
28936,1,1,0,0,0,1,1,1
2907,0,0,0,0,0,0,0,0
2910,0,0,0,0,0,0,0,0
2912,1,0,0,0,0,1,0,0
2913,0,0,0,0,0,0,0,0
29216,1,0,0,0,0,0,0,0
29394,0,0,0,0,0,0,1,1
29402,0,0,0,0,1,0,0,0
2943,0,1,0,1,1,1,1,1
2952,0,0,0,0,0,0,0,0
29575,0,0,0,1,1,1,0,0
2968,0,0,0,0,0,0,0,0
2969,0,0,1,0,0,1,1,1
29697,1,0,0,0,0,0,0,0
297,0,1,0,0,0,1,1,1
2973,0,0,0,0,0,0,0,0
29732,1,0,0,0,0,1,0,0
299,0,1,1,1,1,1,1,1
29910,0,0,0,1,1,1,0,0
2995,0,0,0,0,0,0,0,0
300,0,1,0,0,0,0,1,1
3000502,0,0,0,0,0,0,0,0
3000540,0,0,0,0,0,0,0,0
3007,0,0,0,0,0,0,0,0
301,0,0,0,0,0,0,0,0
3014032,1,0,0,0,0,0,0,0
3016,0,0,0,0,0,0,0,0
3017,0,1,0,0,1,1,1,1
3023,0,0,0,0,1,1,0,0
3024,0,1,0,0,0,0,0,0
3025,0,0,0,0,0,0,0,0
3026,1,1,1,1,1,1,1,1
3030,1,1,1,0,0,1,1,1
3031,1,1,0,0,0,1,1,1
3032297,1,1,0,0,0,0,1,1
3032536,0,0,0,0,0,0,0,0
3032540,1,0,0,0,0,0,0,0
3032552,0,0,0,0,0,0,0,0
3032581,1,0,1,0,0,1,0,0
3032604,1,1,1,1,0,0,1,1
3032791,1,0,1,0,0,0,0,0
3032792,1,0,0,0,0,0,0,0
3032840,0,0,0,0,0,1,0,0
3033,0,0,0,0,0,1,0,0
30331,1,0,0,0,0,0,0,0
3033674,1,0,0,0,0,0,0,0
3034034,0,0,1,0,0,0,0,0
3034285,1,0,0,0,0,0,0,0
3034287,1,0,1,1,1,0,0,0
3034378,1,0,0,0,0,0,0,0
3034380,1,0,0,0,0,0,0,0
3035,0,1,1,1,1,1,1,1
3035829,1,0,0,0,0,0,0,0
3036,0,1,1,1,1,1,1,1
3038,0,0,0,0,0,0,0,0
3039,1,1,1,1,1,1,1,1
3042,0,0,0,0,0,0,0,0
30479,1,0,0,1,0,1,0,0
3048,1,1,1,1,1,1,1,1
3049,0,0,0,0,0,0,0,0
30545,0,1,0,0,0,0,0,0
3055,0,0,0,0,0,0,0,0
30692,0,0,0,0,0,1,0,0
30699,0,0,0,0,0,0,0,0
3070,0,0,0,0,0,0,0,0
30709,0,0,0,0,0,1,1,1
3073,0,0,1,0,0,1,0,0
30772,1,0,0,0,0,0,0,0
30773,1,0,0,0,0,1,0,0
3081304,1,0,0,0,0,0,0,0
3081363,1,0,0,0,0,0,0,0
3082,1,1,1,0,1,1,1,1
3084169,1,0,0,0,0,0,0,0
30913,1,0,0,0,0,0,0,0
3100,0,0,0,0,1,1,0,0
3102,0,0,1,0,0,1,0,0
31070,1,0,0,0,1,0,0,0
31099,1,0,0,0,0,0,0,0
311,0,1,0,0,0,0,1,1
3117,0,0,0,0,0,0,0,0
3118,1,1,0,0,0,1,1,1
31199,0,0,0,0,0,0,0,0
3120,1,1,0,0,1,1,1,1
31200,0,1,1,0,1,1,1,1
31215,0,1,0,0,0,0,1,1
31217,0,1,0,0,0,0,1,1
31222,0,0,0,0,1,1,0,0
31229,0,0,0,0,0,0,1,1
31237,0,1,0,0,0,1,1,1
31239,0,1,0,0,0,0,1,1
31244,0,0,1,0,0,0,1,1
31245,0,1,0,0,0,0,0,0
31250,0,1,0,0,0,0,1,1
31253,0,1,1,0,0,1,1,1
31254,0,1,0,0,1,0,1,1
31256,0,1,0,0,0,1,1,1
31260,0,1,0,0,1,0,1,1
31261,0,1,0,0,0,0,1,1
31263,0,1,0,0,0,0,1,1
31264,0,0,0,0,0,0,0,0
31268,0,1,1,0,1,0,1,1
31269,0,1,0,0,0,0,0,0
31271,0,1,0,0,0,1,1,1
31272,0,1,1,0,1,0,1,1
31275,0,1,0,0,0,0,1,1
31276,0,1,1,0,0,0,1,1
31278,0,1,0,0,0,0,1,1
31284,0,0,0,0,0,1,0,0
31285,0,1,0,0,0,0,1,1
31288,0,1,0,0,0,0,1,1
31289,0,0,1,0,1,0,0,0
31292,0,1,0,0,0,1,1,1
31295,0,1,0,0,0,0,0,0
31296,0,0,1,0,0,1,1,1
313,0,1,0,1,0,0,0,0
31307,0,0,0,0,0,0,0,0
31343,0,1,0,0,0,0,0,0
31347,0,1,0,0,0,0,1,1
31356,0,0,0,0,0,1,1,1
31357,0,1,0,1,0,1,1,1
31369,0,1,0,0,0,0,0,0
31370,0,1,0,0,0,0,0,0
31373,0,1,1,1,1,1,1,1
31374,0,1,0,0,0,0,1,1
31378,0,0,0,0,0,0,0,0
31404,0,1,0,0,0,0,1,1
31405,0,0,0,0,0,1,0,0
31423,0,0,1,1,1,1,0,0
3156,0,0,0,0,0,0,0,0
31573,1,0,0,0,0,0,0,0
3158,0,0,0,0,0,0,0,0
31645,1,0,0,0,0,0,0,0
31677,1,0,1,0,1,0,0,0
3168,0,0,0,0,0,0,0,0
31703,0,0,0,0,0,0,0,0
3182,0,0,0,0,0,0,0,0
31899,0,0,0,0,0,0,1,1
31957,1,0,0,1,0,0,0,0
32154,1,0,0,0,0,0,0,0
32184,0,0,1,1,0,1,0,0
3224,0,1,1,1,1,1,1,1
3225,1,1,0,0,0,0,1,1
323,0,1,0,0,0,0,1,1
3249,0,0,0,0,0,0,0,0
32490,0,0,0,0,1,0,0,0
32518,1,0,0,0,0,0,0,0
32611,0,0,0,0,0,0,1,1
3278,0,0,0,0,0,0,0,0
3283,0,1,0,0,0,0,1,1
3284,0,0,0,0,0,0,0,0
3286,0,1,0,1,1,1,1,1
32872,1,0,0,0,0,1,0,0
3289,0,1,1,0,0,1,1,1
32898,0,1,0,0,0,0,1,1
3291,0,0,0,0,0,0,0,0
32928,0,0,0,0,1,0,0,0
3295,0,0,0,0,0,0,0,0
33,0,1,0,0,0,0,1,1
3301,0,1,0,0,0,0,1,1
33032,0,1,1,0,0,1,1,1
33036,0,0,0,0,0,0,0,0
33133,0,0,0,0,1,0,0,0
3314,0,1,1,0,0,0,1,1
33255,0,0,0,0,0,0,0,0
33257,1,0,0,0,0,0,0,0
33263,0,0,0,1,1,0,0,0
3327,0,1,0,0,0,0,1,1
33360,1,0,0,0,0,0,0,0
3337,0,0,0,0,0,0,0,0
3342,0,0,0,0,0,0,0,0
3345,0,0,0,0,0,0,0,0
3346,1,1,0,0,0,0,1,1
3347,0,0,0,0,0,1,0,0
335,0,1,1,1,1,1,1,1
33500,1,0,0,0,0,1,0,0
3352,1,0,0,0,1,1,0,0
33557,0,1,0,0,0,0,0,0
33565,1,0,0,0,0,0,0,0
33599,0,1,1,1,1,1,1,1
33613,0,0,1,0,1,0,0,0
3366,0,0,0,0,0,0,0,0
3372,0,0,0,0,0,0,0,0
3374,0,0,0,0,1,1,0,0
33772,0,0,0,1,1,1,0,0
33775,1,0,0,0,0,1,0,0
338,0,1,1,0,0,1,1,1
3385,0,0,0,0,0,0,0,0
3393,0,0,0,0,0,0,0,0
33934,0,1,1,0,1,1,1,1
34,0,1,0,0,0,0,1,1
34007,0,0,0,0,0,0,0,0
34140,0,0,0,1,1,1,1,1
34148,0,0,1,0,0,1,0,0
34192,1,0,0,1,1,1,0,0
342,0,1,1,0,0,1,1,1
3423265,0,1,0,0,0,0,1,1
3440,0,0,0,0,0,1,0,0
3444,1,0,0,0,0,0,0,0
34466,0,0,0,1,1,1,0,0
34526,1,0,0,1,1,1,0,0
3467,0,0,0,0,1,0,0,0
34766,1,0,0,0,0,0,0,0
3485,0,1,0,0,0,0,1,1
3487,0,0,0,0,0,0,0,0
3495,0,0,0,0,0,0,0,0
3496,1,0,1,0,0,1,0,0
3516,0,0,0,0,0,0,0,0
3518,0,0,0,0,0,0,0,0
3526,1,0,0,0,0,0,0,0
3559,0,0,0,0,0,0,0,0
356,0,1,1,0,1,1,1,1
3589,0,1,1,1,1,1,1,1
35969,1,0,0,0,0,0,0,0
3598,0,1,0,0,0,1,1,1
3601,0,0,0,0,0,0,0,0
3606,0,0,0,0,0,0,0,0
3607071,0,0,0,0,0,0,0,0
3610,0,1,0,0,0,0,0,0
3623881,1,0,0,0,0,0,0,0
36242,1,0,0,0,0,0,0,0
36250,1,0,0,0,0,0,0,0
36294,0,0,0,0,0,0,0,0
3639,0,0,0,0,0,1,0,0
36392,1,0,0,0,0,1,0,0
36400,0,0,0,1,1,1,0,0
3647,0,0,0,0,0,0,0,0
36565,1,0,0,0,0,0,0,0
3658,0,0,0,0,0,0,0,0
36584,1,0,0,0,0,0,0,0
36606,1,0,0,0,0,0,0,0
36679,1,0,0,0,0,0,0,0
3672,0,0,0,0,0,0,0,0
3676,0,0,0,0,0,0,0,0
3677,0,0,0,0,0,0,0,0
36867,1,0,0,0,0,0,0,0
36938,0,0,0,0,0,0,1,1
3696,0,0,0,0,0,0,0,0
370,0,1,0,0,0,0,1,1
37034,0,0,0,1,0,0,0,0
37123,0,0,1,1,0,1,0,0
3715,0,0,0,0,0,1,0,0
37175,1,0,0,0,0,1,0,0
37270,0,0,1,0,1,1,0,0
3728,0,0,0,0,0,0,0,0
3735,0,0,0,0,0,0,0,0
37517,1,0,0,0,0,0,0,0
3767,0,0,0,0,0,0,0,0
3776,0,1,0,0,0,0,1,1
3780,0,0,0,0,0,0,0,0
37840,0,0,1,1,0,1,0,0
37869,1,0,0,0,0,0,0,0
379,0,1,1,0,0,1,1,1
37907,1,0,0,0,0,0,0,0
38018,0,1,1,1,1,1,1,1
38037,0,0,1,1,0,1,0,0
38103,0,0,0,0,0,0,0,0
3821,0,1,0,0,0,0,1,1
38235,1,0,0,0,0,0,0,0
3830,1,0,0,0,0,0,0,0
38479,1,0,1,0,0,1,0,0
38687,1,0,0,0,0,0,0,0
38779,1,0,0,0,0,0,0,0
38839,1,0,0,0,0,0,0,0
38853,0,0,0,0,0,0,0,0
38854,1,0,0,0,0,0,0,0
38884,1,0,0,0,0,0,0,0
3893,0,0,1,0,1,1,0,0
39040,1,0,0,0,0,0,0,0
39223,1,0,0,0,0,0,0,0
39230,1,0,0,0,0,1,0,0
39327,1,0,0,0,0,1,0,0
39385,1,0,1,0,1,0,0,0
39425,1,0,0,0,0,0,0,0
39527,0,0,0,0,0,0,1,1
3964,0,0,0,0,0,0,0,0
39676,0,0,1,0,0,1,0,0
398,0,1,0,0,0,0,1,1
39929,0,0,1,1,1,1,0,0
39965,1,0,1,0,1,1,0,0
39985,1,0,0,0,0,0,0,0
40032,1,0,0,0,0,0,0,0
4004,1,1,1,1,1,1,1,1
40087,1,0,0,0,0,0,0,0
402,0,1,0,0,0,0,1,1
4020,0,0,0,0,0,0,0,0
403,0,0,0,0,0,0,1,1
4030,0,0,0,0,0,0,0,0
40326,0,0,1,0,0,1,0,0
4034,0,0,0,0,0,0,0,0
40413,1,0,0,0,0,0,0,0
40470,0,0,1,1,1,1,0,0
40521,1,0,0,0,0,0,0,0
4055,0,0,0,0,0,0,0,0
4058,0,0,0,0,0,0,0,0
40585,1,0,0,0,0,1,0,0
40621,0,0,0,0,0,0,1,1
40623,0,0,0,0,0,0,1,1
4064,0,0,0,0,0,0,0,0
40818,0,1,0,0,0,0,1,1
40896,1,0,0,0,0,0,0,0
4091,0,0,0,0,0,1,0,0
4093,0,0,0,0,0,0,1,1
4095,0,0,0,0,0,0,0,0
4096,0,1,1,0,0,1,1,1
4101,0,1,0,0,1,0,1,1
4107,0,0,0,0,0,0,0,0
4109,1,1,0,1,0,0,1,1
4113,0,0,0,0,0,0,0,0
4114,0,1,1,0,0,0,1,1
4115,0,1,1,1,1,1,1,1
412,1,0,1,0,0,0,0,0
4121,0,0,0,0,0,0,0,0
4130,1,1,1,1,1,1,1,1
4133,0,1,0,0,0,0,1,1
41368,1,0,1,0,0,0,0,0
41381,1,0,0,0,0,0,0,0
41384,1,0,0,0,0,0,0,0
41428,1,0,0,0,0,0,0,0
41462,1,0,0,0,0,0,0,0
41463,1,0,0,0,0,0,0,0
4158,0,0,0,0,0,0,0,0
4160,0,0,0,0,0,0,0,0
4162,0,0,0,0,0,0,0,0
41632,1,0,0,0,0,0,0,0
41648,1,0,0,0,0,0,0,0
4169,0,0,0,0,1,1,0,0
4173,0,0,0,0,0,0,0,0
4174,0,0,0,0,0,0,0,0
4211,0,0,0,1,1,1,0,0
42128,0,0,0,1,1,1,0,0
4243,0,0,1,0,0,1,0,0
42540,0,0,0,1,1,1,0,0
42586,1,0,0,0,0,1,0,0
4284,0,1,0,1,0,0,1,1
42948,0,0,0,1,1,1,0,0
43079,1,0,1,0,0,0,0,0
43226,1,0,0,0,0,0,0,0
43234,1,0,0,0,0,1,0,0
43523,1,0,0,0,0,0,0,0
4369448,0,0,0,0,0,0,0,0
43714,1,0,0,0,0,0,0,0
43815,0,0,0,0,1,1,0,0
439213,0,0,0,0,0,1,0,0
439302,0,0,0,0,0,0,0,0
44073,1,0,0,0,0,0,0,0
441071,0,1,1,0,0,0,1,1
441074,0,0,0,0,0,0,0,0
441140,0,0,0,0,0,0,0,0
441207,0,1,1,0,0,0,0,0
441278,0,0,0,0,0,0,0,0
44146693,1,0,0,0,0,0,0,0
44146828,1,0,0,0,0,0,0,0
44151818,1,0,0,0,0,0,0,0
4420,0,1,1,0,0,1,1,1
442021,0,1,1,0,0,0,1,1
4421,0,0,0,0,0,0,0,0
442530,0,0,1,1,0,0,0,0
443055,1,0,0,0,0,0,0,0
443229,1,0,0,0,0,0,0,0
443495,1,1,0,0,0,1,0,0
44374,0,0,0,0,0,1,0,0
44409094,1,0,0,0,0,0,0,0
444266,0,1,1,0,0,1,1,1
444679,0,1,1,0,0,1,1,1
44473182,1,0,0,0,0,0,0,0
444795,0,1,0,0,0,0,0,0
444972,0,1,1,0,0,1,1,1
445354,0,0,0,0,0,0,0,0
445434,0,0,1,0,1,0,0,0
445639,0,1,0,1,1,1,1,1
44571837,1,0,0,0,0,0,0,0
445858,0,0,0,0,0,1,0,0
446598,0,0,0,0,0,0,0,0
447466,0,0,1,0,1,0,1,1
4477,0,1,0,0,0,0,1,1
448537,0,0,0,0,0,0,0,0
449093,1,0,0,0,0,0,0,0
4509,0,0,0,0,0,0,0,0
4510,0,1,0,0,0,0,1,1
45380417,1,0,0,0,0,0,0,0
454,0,0,1,1,1,0,0,0
4543,0,0,0,0,0,0,0,0
45452,0,0,0,0,0,1,0,0
456190,0,0,0,0,0,0,0,0
4567,0,0,0,0,0,0,0,0
4568,0,0,0,0,0,0,0,0
4584,0,0,0,0,1,0,0,0
4601,0,0,0,0,0,0,0,0
460612,0,0,0,0,0,0,0,0
4616,0,0,0,0,0,0,0,0
4618,0,1,0,0,0,0,1,1
4628,0,0,0,0,0,0,0,0
4632,0,0,1,0,1,1,0,0
4634,0,0,0,0,0,0,0,0
4636,0,0,0,0,0,0,0,0
4641,0,0,0,0,0,0,0,0
4649,0,0,0,0,0,0,0,0
4650,0,1,0,0,0,0,1,1
4680,0,0,1,0,0,0,0,0
4684,1,1,0,0,1,1,1,1
4685,1,1,1,1,1,1,1,1
4690,1,0,0,0,0,0,0,0
46944253,1,0,0,0,0,0,0,0
4696,0,0,0,0,0,1,0,0
4723,0,0,0,0,0,0,0,0
4737,0,0,0,0,0,0,0,0
47445,1,0,0,0,0,0,0,0
4748,0,0,0,0,0,0,0,0
47491,1,0,0,0,0,0,0,0
4753,0,0,0,0,0,0,0,0
4754,0,0,0,0,0,0,0,0
4760,0,0,0,0,0,0,0,0
4762,0,0,0,0,0,0,0,0
4763,0,0,0,0,0,0,0,0
4771,0,0,0,0,0,0,0,0
47759,1,0,0,0,0,0,0,0
4781,0,0,0,0,0,0,0,0
47866,1,0,0,0,0,0,0,0
47898,1,0,0,0,0,1,0,0
4790,1,1,1,0,0,1,1,1
4793,1,0,1,0,0,1,0,0
47938,1,0,0,0,0,0,0,0
4794,1,0,0,0,0,0,0,0
4837,0,1,0,0,0,0,1,1
4842,0,0,0,0,0,0,0,0
4870,0,0,0,0,0,0,0,0
4873,0,0,0,0,0,0,0,0
48890,0,0,1,1,1,1,0,0
4906,0,0,0,0,0,0,0,0
4909,0,0,0,0,0,0,0,0
4913,0,0,0,0,0,0,0,0
4914,0,0,0,0,0,0,0,0
4915,0,0,0,0,0,0,0,0
4917,0,0,0,0,0,0,0,0
4926,0,0,0,0,0,0,0,0
4927,0,0,0,0,0,0,0,0
4928,0,1,0,0,0,1,1,1
4929,1,0,0,0,1,1,0,0
4931,0,1,0,0,0,1,1,1
4933,0,1,0,0,0,1,1,1
4934,0,0,0,0,0,0,0,0
493570,0,0,1,0,0,0,0,0
4936,0,1,0,0,0,0,1,1
4937,1,1,0,0,0,1,1,1
4940,0,0,0,0,0,0,0,0
4943,0,0,0,0,1,0,0,0
4944,0,1,0,0,0,0,1,1
4947,0,1,1,0,0,0,1,1
4976,0,0,0,0,0,0,0,0
50163,0,0,0,0,0,0,1,1
50367,1,0,0,0,0,1,0,0
50465,1,0,1,0,0,0,0,0
50516,1,0,0,0,0,0,0,0
5053,0,1,0,0,0,0,1,1
5054,0,1,1,0,0,0,1,1
50895,1,0,0,0,0,0,0,0
50897,1,0,1,0,0,0,0,0
5111791,0,0,0,0,0,0,0,0
5125,0,1,1,0,0,1,1,1
5143,1,1,0,0,0,0,1,1
5147,0,1,0,0,0,0,0,0
51556,1,0,0,0,0,0,0,0
51574,1,0,0,0,0,0,0,0
51605,1,0,0,0,0,0,0,0
516881,0,0,0,0,0,0,1,1
516900,0,0,0,0,0,0,0,0
516910,0,0,0,0,0,0,0,0
517055,0,1,0,0,0,0,1,1
517165,0,0,0,0,0,0,0,0
517277,0,0,0,0,0,1,0,0
518696,0,0,0,0,0,0,0,0
5193,0,0,0,0,0,0,0,0
5216,1,1,0,0,0,1,1,1
522524,0,0,0,0,1,1,0,0
5235,0,0,0,0,0,0,0,0
5237,1,1,1,0,0,0,1,1
5238,0,0,0,0,0,0,0,0
5241,0,0,0,0,0,0,0,0
524223,0,0,0,0,0,1,0,0
525,0,1,1,0,0,1,1,1
525128,0,0,0,0,0,0,0,0
527,0,1,1,0,0,0,1,1
5273469,0,1,0,0,0,0,0,0
5280363,0,0,0,0,0,0,0,0
5280450,0,0,1,0,1,1,0,0
5280489,0,0,0,0,0,0,0,0
5280794,0,0,0,0,0,1,0,0
5280795,0,1,0,0,0,0,0,0
5280954,0,0,0,0,0,0,0,0
5280970,0,1,0,0,0,1,1,1
5281,0,1,1,1,1,1,1,1
5281035,0,0,0,0,0,0,0,0
5281045,0,0,1,0,0,1,0,0
5281077,0,0,0,0,0,0,0,0
5281166,1,0,0,0,0,0,0,0
5281167,0,0,1,0,1,0,0,0
5281873,0,0,0,0,1,1,0,0
5281875,0,0,1,1,0,0,0,0
5282108,0,0,1,0,0,1,0,0
5282227,1,0,0,0,0,0,0,0
5282253,0,0,1,1,1,0,0,0
5284359,0,0,0,0,0,0,1,1
5284371,0,0,1,0,0,1,0,0
5284469,0,1,1,1,1,1,1,1
5284483,0,0,0,0,0,0,0,0
5284484,1,0,0,0,0,0,0,0
5284499,0,0,0,0,1,0,0,0
5284569,0,0,0,0,0,0,0,0
5284570,0,0,0,0,0,0,0,0
5284595,0,0,0,0,0,0,0,0
5284596,0,0,0,0,0,0,0,0
5284603,0,0,0,0,0,1,0,0
5284607,0,0,0,0,0,0,0,0
5287554,0,0,1,0,0,0,0,0
5288826,0,1,1,0,0,0,0,0
52997,1,0,0,0,0,0,0,0
52998,1,0,0,0,0,0,0,0
52999,1,0,0,0,0,0,0,0
5311017,0,0,0,0,0,0,0,0
5311054,0,0,0,0,0,0,0,0
5311266,0,0,0,0,0,0,0,0
5311333,0,0,0,1,1,0,0,0
5314,0,0,0,0,0,0,0,0
5314126,0,1,0,0,0,0,1,1
5322,0,0,0,0,0,0,0,0
5322148,0,0,0,0,0,0,0,0
53242358,1,0,0,0,0,0,0,0
5327,0,0,0,1,1,1,0,0
5329,0,0,0,0,0,0,0,0
53297414,1,0,0,0,0,0,0,0
53309,1,0,0,0,0,0,0,0
5333,0,1,0,0,0,0,1,1
53341374,1,0,0,0,0,0,0,0
5338,1,0,0,0,0,0,0,0
5344,0,1,0,0,0,0,1,1
53491464,1,0,0,0,0,0,0,0
53518,1,0,0,0,0,0,0,0
5352425,0,0,0,0,0,0,1,1
5355130,0,0,0,0,1,0,0,0
5355863,1,1,1,0,0,0,1,1
5359268,0,0,0,0,0,0,0,0
5359272,0,0,0,0,0,0,0,0
5359371,0,0,0,0,0,0,0,0
53597,1,0,0,0,0,0,0,0
5360315,0,0,0,0,0,0,0,0
5360696,0,0,0,0,0,0,0,0
5360962,1,0,0,0,0,0,0,0
5362487,1,0,0,0,0,1,0,0
5364079,1,0,0,0,0,0,0,0
5364509,0,0,0,0,0,1,0,0
5366415,0,1,0,0,0,0,1,1
5366546,1,0,0,0,0,0,0,0
5371560,1,1,0,1,0,1,1,1
5371562,0,1,1,1,0,0,1,1
5371578,0,1,0,0,0,0,1,1
5372405,1,0,0,0,0,0,0,0
5372477,1,0,0,0,0,0,0,0
5377791,1,0,0,0,0,0,0,0
5383,1,0,1,0,0,1,0,0
5392,0,1,0,0,1,1,1,1
5430,1,1,0,0,0,1,1,1
5440,0,0,0,0,0,0,0,0
5447,0,0,0,0,0,1,0,0
5447130,0,0,0,0,0,0,0,0
5452,0,0,0,0,0,0,0,0
5453,0,0,0,0,0,0,0,0
5454,0,0,0,0,0,0,0,0
5455,1,1,0,0,0,0,1,1
54589430,1,0,0,0,0,0,0,0
5460467,0,0,0,0,0,0,0,0
5462309,0,0,0,0,0,0,0,0
54670067,0,1,1,0,0,0,1,1
54671203,0,0,0,0,0,0,0,0
54675776,0,0,0,0,0,0,0,0
54675779,0,0,0,0,1,1,0,0
54675785,0,0,0,0,0,0,0,0
54675810,0,1,0,0,0,0,1,1
54676038,0,0,1,0,0,0,0,0
54676537,0,0,0,0,0,0,0,0
54676884,0,0,0,1,1,1,0,0
54678486,0,1,0,1,0,1,1,1
54678504,0,1,1,1,0,0,0,0
54680085,1,0,0,1,0,0,0,0
54680660,0,1,0,0,0,0,0,0
54680676,0,0,0,1,1,0,0,0
54680692,0,0,0,0,0,0,0,0
54708610,1,0,0,0,0,0,0,0
54738,1,0,0,0,0,0,0,0
54739,1,0,0,0,0,0,0,0
54740,1,0,0,0,0,0,0,0
54744,1,0,0,0,0,0,0,0
54745,1,0,0,0,0,0,0,0
54778,1,0,0,0,0,0,0,0
5483872,1,0,0,0,0,0,0,0
5484172,1,0,0,0,0,0,0,0
5486204,0,0,1,1,0,1,0,0
54886,1,0,0,0,0,0,0,0
54901,0,0,0,0,0,1,0,0
54960,1,0,0,0,0,0,0,0
5503,0,0,0,0,0,0,0,0
5505,0,0,0,0,0,0,0,0
5541,0,1,1,0,0,0,1,1
5543,0,1,0,0,0,1,1,1
5546,0,0,0,0,0,1,0,0
5558,0,1,1,0,0,1,1,1
5560,0,0,0,0,0,0,0,0
5564,0,0,1,0,1,1,0,0
5566,0,0,0,0,0,0,0,0
5569,0,1,0,0,1,1,1,1
5570,0,0,1,0,1,0,0,0
5572,0,0,0,0,0,0,0,0
5577,0,0,0,0,0,0,0,0
55790,1,0,0,0,0,0,0,0
560193,1,0,0,0,0,0,0,0
5610,0,0,0,0,0,0,0,0
56160,1,0,0,0,0,0,0,0
56208,0,0,0,0,1,1,0,0
564,0,0,0,0,0,0,0,0
5641,0,1,0,0,0,0,1,1
5651,0,0,0,0,0,0,0,0
5656,0,0,0,0,1,1,0,0
568,0,1,1,1,1,1,1,1
56842199,0,0,1,1,1,1,0,0
56842205,0,0,1,0,0,1,0,0
56945144,1,0,0,0,0,0,0,0
56945145,1,0,0,0,0,0,0,0
5727,0,0,0,0,0,0,0,0
57369825,1,0,0,0,0,0,0,0
57414497,1,0,0,0,0,0,0,0
5743,0,0,0,0,0,0,0,0
5746,0,0,0,0,0,0,0,0
5754,0,0,0,0,0,0,0,0
5755,0,0,0,0,0,0,0,0
5756,0,0,0,0,0,1,0,0
5757,0,0,0,1,0,1,0,0
5770,0,1,0,0,0,0,0,0
5773,0,0,0,0,0,0,0,0
5780,1,1,1,0,0,0,1,1
5790,0,0,0,0,0,0,0,0
5794,1,1,0,0,0,1,1,1
5798,0,0,0,0,0,0,1,1
5817,1,0,0,0,0,0,0,0
5820,0,0,0,0,0,0,0,0
5821911,1,0,0,0,0,0,0,0
5826,0,0,0,0,0,0,0,0
5833,0,0,0,0,0,0,0,0
5853,1,1,1,1,1,1,1,1
5862,0,1,1,0,0,0,1,1
5865,0,0,0,0,0,0,0,0
5870,0,0,1,0,0,1,0,0
5876,0,0,0,0,0,0,0,0
5889,0,0,1,1,1,1,0,0
5889665,1,0,0,0,0,0,0,0
5901,0,0,0,0,0,0,0,0
5904,0,0,0,0,0,0,0,0
5906,0,0,0,0,0,0,0,0
590836,0,0,1,1,1,1,0,0
5910,0,0,0,0,0,0,0,0
5920,0,0,0,0,0,0,0,0
5921,0,0,0,1,1,0,0,0
5936,0,1,0,0,0,0,1,1
5943,0,1,0,0,1,1,1,1
5944,0,0,0,0,0,0,0,0
5950,0,1,0,1,1,0,1,1
5951,0,0,0,0,0,0,0,0
5954,0,0,1,0,1,1,0,0
5959,0,0,0,0,0,1,0,0
5960,0,1,0,0,1,1,1,1
5962,0,0,1,0,0,0,0,0
5965,0,0,0,0,0,0,0,0
5971,0,1,1,0,0,0,1,1
5976,0,1,0,0,0,0,1,1
5977,0,0,0,0,0,0,0,0
5978,0,0,0,0,0,0,0,0
5983,0,0,0,0,0,0,0,0
5988,1,0,0,0,0,0,0,0
5991,0,0,0,0,0,1,0,0
5993,1,1,1,1,1,1,1,1
5994,0,0,1,0,0,1,0,0
5997,0,0,0,0,0,1,0,0
6000,0,0,0,0,0,0,0,0
6001,0,0,0,0,1,1,0,0
6005,0,0,0,0,0,0,0,0
6009,0,0,0,0,0,0,0,0
6011,0,0,0,0,0,0,0,0
6013,0,0,0,0,0,1,0,0
6019,0,0,0,0,0,0,0,0
6024,0,0,0,0,0,0,0,0
6028,0,1,0,1,1,1,1,1
6032,0,0,0,0,0,0,0,0
6046,0,0,0,0,0,1,0,0
6047,0,0,0,0,0,0,0,0
6049,0,1,0,0,0,1,1,1
6050,0,1,0,0,0,0,1,1
6051,0,1,0,0,0,0,1,1
6053,0,0,0,0,0,0,1,1
6057,0,1,0,0,0,0,1,1
6061,0,1,0,0,0,0,1,1
60823,0,0,0,0,0,1,0,0
6087,0,0,0,0,0,0,0,0
6093192,0,0,0,0,0,0,0,0
6093286,0,0,0,0,0,0,0,0
6098,0,0,0,0,0,0,0,0
6099,0,1,0,0,0,0,1,1
6101,0,1,0,0,0,0,1,1
61021,0,1,0,0,0,0,1,1
6108,0,1,0,0,0,1,1,1
6112114,1,0,0,0,0,0,0,0
6115,0,1,1,0,0,1,1,1
612,0,1,0,0,1,1,1,1
6124,0,1,1,0,1,1,1,1
6125184,1,0,0,0,0,0,0,0
6128,0,0,1,0,0,1,0,0
6129,1,1,1,1,0,1,1,1
6137,0,0,1,1,0,1,0,0
6140,0,1,1,0,1,0,1,1
6145,1,0,0,0,0,0,0,0
61585,0,0,0,0,1,1,0,0
6163,0,1,0,0,0,0,1,1
6167,0,0,0,0,0,0,0,0
6172,0,0,0,0,0,0,0,0
6173,0,0,0,0,0,0,0,0
6184,0,1,1,0,1,0,1,1
61899,1,0,0,0,0,0,0,0
6194,0,0,0,0,0,0,0,0
6197,1,1,0,0,0,0,1,1
62020,1,0,0,0,0,0,0,0
6209,0,0,0,0,0,0,0,0
6212,0,1,0,1,1,1,1,1
6214,0,1,0,1,1,1,1,1
6215,0,0,0,0,0,0,0,0
62204,0,0,0,0,1,0,0,0
62274,0,0,0,0,1,0,0,0
62275,0,0,0,0,1,0,0,0
62276,1,0,0,0,0,0,0,0
6228,0,1,0,0,0,0,1,1
6230,0,0,0,0,0,0,0,0
6231,0,0,0,0,0,0,0,0
62329,0,0,0,0,1,1,0,0
6234,0,0,0,0,0,0,0,0
6238,0,0,0,0,0,0,0,0
6249,0,0,0,0,0,0,0,0
6251,0,1,1,0,0,0,1,1
6253,0,0,0,0,0,0,0,0
6274,0,0,0,0,0,0,0,0
6276,0,1,0,0,0,0,1,1
6278,0,1,1,1,1,1,1,1
62781,1,0,0,0,0,0,0,0
6282,0,0,0,0,0,0,0,0
62882,0,0,0,0,0,0,0,0
6292,0,0,0,0,0,0,0,0
6294,0,1,1,1,1,1,1,1
6295,0,0,0,0,0,1,0,0
6296,0,0,0,0,0,0,0,0
6318,1,0,0,0,0,1,0,0
6322,0,0,0,0,0,0,0,0
6323,0,1,1,0,0,1,1,1
6324,0,1,0,0,0,1,1,1
6325,0,1,1,0,0,1,1,1
6326,0,1,0,0,0,0,1,1
6326954,0,0,1,0,0,1,0,0
6327,0,1,1,0,1,1,1,1
6327054,0,1,1,0,0,0,1,1
6327114,0,0,0,0,0,0,1,1
6327182,0,0,0,0,0,0,0,0
6327386,0,1,0,0,0,0,0,0
6327514,0,0,0,0,0,0,1,1
6327654,0,0,0,0,0,0,1,1
6327657,1,1,0,0,0,1,1,1
6328,0,1,0,0,1,0,0,0
6329,0,1,1,0,1,1,1,1
6332,0,1,1,0,0,0,1,1
6333,0,1,0,0,1,0,1,1
6334,0,1,0,0,0,1,1,1
6335,0,1,0,0,0,0,1,1
6336,1,0,0,0,0,0,0,0
6337,0,1,0,0,1,1,1,1
6338,0,1,0,0,0,1,1,1
6339,0,1,0,0,0,0,0,0
6341,0,1,1,0,0,1,1,1
6342,0,1,0,0,0,0,1,1
6343,0,1,0,0,0,0,0,0
6344,0,1,0,0,1,1,1,1
6348,0,1,1,0,0,1,1,1
6351,0,1,0,0,0,0,0,0
6354,0,1,0,0,1,0,1,1
6358,0,1,0,0,0,0,1,1
6359,0,0,0,0,1,1,0,0
6360,0,1,0,0,0,1,1,1
6363,0,1,0,0,0,1,1,1
6364,0,1,0,0,0,0,0,0
6366,0,1,0,0,0,1,1,1
6367,0,1,0,0,0,0,0,0
6370,0,1,0,0,0,0,1,1
637090,0,0,0,0,1,0,1,1
6371,0,1,0,0,0,0,0,0
6372,0,1,0,0,0,0,1,1
6375,0,1,0,0,0,0,1,1
637511,0,1,0,0,0,0,0,0
637563,0,1,0,0,0,0,0,0
637564,0,0,1,0,1,0,0,0
637566,0,1,1,0,0,0,1,1
6377,0,1,0,0,0,0,1,1
6378,0,1,0,0,0,0,1,1
638011,0,1,1,0,0,0,1,1
638014,0,0,1,0,1,1,0,0
638072,0,0,1,0,0,1,0,0
638186,0,0,0,0,1,1,0,0
6382,0,1,0,0,0,0,1,1
6384,0,1,0,0,0,0,1,1
6386,0,1,0,0,0,1,1,1
6387,0,1,0,0,0,0,1,1
6389,0,1,0,0,1,1,1,1
6391,0,1,0,0,1,1,1,1
6392,0,1,0,0,0,0,1,1
6393,0,1,0,0,0,0,1,1
6394,0,1,1,0,1,1,1,1
6397,0,1,0,0,0,0,0,0
6399,0,1,0,0,0,0,0,0
6403,0,1,0,0,0,0,1,1
6404,0,1,0,0,0,0,1,1
6406,0,1,0,0,0,0,1,1
6407,0,1,0,0,0,0,1,1
6410,0,1,0,0,0,0,1,1
6418,1,0,0,0,0,1,0,0
6419,0,1,0,0,0,0,1,1
6421,0,1,1,1,1,1,1,1
642197,0,1,0,0,0,0,1,1
6422843,1,0,0,0,0,0,0,0
6423,1,1,0,0,0,0,1,1
6426,0,1,0,0,0,0,1,1
6427,0,1,0,0,0,0,1,1
6428,0,1,0,0,0,0,1,1
6429,0,1,0,0,0,0,1,1
6430,0,1,0,0,0,0,1,1
6433329,1,0,0,0,0,0,0,0
6433575,0,0,0,0,0,0,0,0
6433586,0,0,0,0,0,1,0,0
6433657,0,0,0,0,0,1,0,0
6434236,1,0,0,0,0,0,0,0
643460,0,1,1,0,0,0,1,1
6436604,1,0,0,0,0,0,0,0
6436606,1,0,0,0,0,0,0,0
643833,0,0,1,0,0,1,0,0
643989,0,0,0,0,0,0,0,0
6440577,1,0,0,0,0,0,0,0
6440821,0,0,0,0,1,0,0,0
6442842,1,0,0,0,0,0,0,0
6446,0,0,0,0,0,0,0,0
6451057,1,0,0,0,0,0,0,0
6451142,1,0,0,0,0,0,0,0
6451155,1,0,0,0,0,0,0,0
6464,0,0,0,0,0,0,0,0
6466,1,1,0,0,0,0,1,1
6476,0,0,0,0,0,0,0,0
6478,0,0,0,0,1,1,0,0
6492,0,1,0,0,0,1,1,1
6496,0,1,0,0,0,0,1,1
6497,0,1,0,0,0,0,0,0
6498,0,0,0,0,0,0,0,0
650,0,1,1,1,1,0,1,1
6505,0,1,0,0,0,0,1,1
6506,0,1,0,0,0,0,1,1
6511,0,1,1,0,1,1,1,1
6517,0,1,0,0,0,0,0,0
65174,1,0,0,0,0,0,0,0
6527,0,0,0,0,0,1,0,0
6528,0,1,0,0,0,0,1,1
6529,0,1,1,0,0,1,1,1
6531,1,1,1,0,0,0,1,1
6535,0,1,0,0,0,1,1,1
6537497,0,0,0,1,1,0,0,0
6537506,0,0,0,1,1,1,0,0
6537961,1,0,0,0,0,0,0,0
6538,0,0,0,0,1,1,0,0
6538287,1,0,0,0,0,0,0,0
6540,0,1,0,1,1,1,1,1
6541,1,0,0,0,0,0,0,0
6542,1,0,0,0,0,0,0,0
65420,1,0,0,0,0,0,0,0
6543,0,1,0,0,0,0,1,1
6544,0,1,0,0,1,1,1,1
6549,0,1,1,0,0,0,1,1
6554,0,1,0,0,0,0,0,0
6556,0,1,1,0,0,1,1,1
6557,0,1,1,0,0,0,1,1
6558,0,1,1,0,0,1,1,1
6560,0,1,1,0,1,0,1,1
6561,0,1,1,0,0,0,1,1
6562,0,1,1,0,0,0,0,0
6564,0,1,0,0,0,1,1,1
6565,0,0,0,0,0,1,0,0
656671,0,0,0,0,0,0,0,0
6568,0,1,0,0,1,0,1,1
6569,0,1,1,0,0,1,1,1
656958,0,0,0,0,0,1,0,0
6570,0,1,1,0,1,0,1,1
6571,0,1,0,0,0,0,0,0
657201,0,0,0,0,0,0,0,0
6574,0,1,0,0,0,1,1,1
6575,0,1,1,1,1,1,1,1
6577,0,1,0,0,0,0,0,0
6579,0,1,0,0,1,1,1,1
6581,0,1,1,1,0,0,1,1
6582,0,1,0,0,0,0,1,1
6584,0,1,1,0,0,0,1,1
6585,0,1,0,0,0,0,1,1
6586,0,1,0,0,0,0,1,1
6587,0,1,0,0,0,0,1,1
6588,0,1,0,0,0,0,1,1
6589,0,1,0,0,0,0,1,1
6590,0,0,1,0,1,1,0,0
6591,0,1,0,0,0,1,1,1
6597,0,0,1,0,0,1,0,0
6599,0,1,0,0,0,0,1,1
66,0,0,0,1,0,1,0,0
6613,0,0,1,0,0,0,0,0
6616,0,1,1,0,0,1,1,1
6618,0,0,1,1,1,1,0,0
6621,0,1,0,0,0,0,0,0
6623,0,1,0,0,1,1,1,1
6624,0,0,0,0,0,0,0,0
6629,0,1,0,0,0,0,1,1
6635,1,1,0,0,0,1,0,0
6641,0,1,0,0,0,0,1,1
6643,0,0,0,0,0,1,0,0
66461,1,0,0,0,0,0,0,0
6654,0,1,1,0,1,1,1,1
6658,0,1,0,0,0,0,1,1
6669,0,0,0,0,1,1,0,0
667467,0,0,0,0,0,0,0,0
667490,0,0,0,0,0,0,0,0
6675,0,1,0,0,0,0,1,1
6693,1,0,0,0,0,0,0,0
6697,0,0,0,0,1,1,0,0
6709,0,1,0,0,0,0,1,1
6719,0,0,0,1,0,0,1,1
6720,1,1,1,0,1,1,1,1
67215,0,0,0,0,1,0,0,0
6726,0,0,0,0,0,0,0,0
6732,0,1,0,0,0,0,0,0
6734,0,0,1,1,1,1,1,1
674,0,1,1,0,1,1,1,1
6741,0,0,0,0,0,0,0,0
67420724,1,0,0,0,0,0,0,0
6753,0,0,0,0,1,0,0,0
67542,0,0,1,1,1,0,0,0
6758,0,1,0,0,1,0,1,1
6763,0,0,0,0,0,1,0,0
6766,0,1,0,0,0,1,1,1
67734,0,0,0,1,1,1,0,0
6777,0,0,0,0,0,1,0,0
6780,0,1,1,1,1,1,1,1
6781,0,1,1,0,1,1,1,1
67815,0,0,0,1,1,1,0,0
67818,0,0,1,1,1,1,0,0
6782,1,0,1,0,1,1,0,0
67821,0,0,0,1,1,1,0,0
6786,0,0,0,0,1,1,0,0
6787,0,1,1,0,1,0,1,1
679,0,1,1,0,1,0,1,1
6794,1,1,0,0,0,0,1,1
6805,0,0,0,0,0,1,0,0
6809,1,0,0,0,0,0,0,0
681,0,0,0,0,0,0,0,0
6810,0,1,1,0,0,0,0,0
6811,0,0,1,0,0,1,0,0
6819,0,1,0,0,0,0,1,1
6824,0,1,0,0,0,0,1,1
6834,0,0,0,0,0,0,0,0
6838,0,0,0,0,1,1,1,1
6849,0,0,0,0,0,0,0,0
6853,0,1,1,1,1,1,1,1
6854,0,1,1,1,1,1,1,1
68546,0,0,0,0,0,0,0,0
6858006,1,0,0,0,0,0,0,0
6860,0,0,1,0,1,1,0,0
6862,0,1,1,0,0,0,1,1
6877,0,1,0,0,0,0,0,0
6893,0,1,0,0,0,0,1,1
6895,1,1,1,1,1,1,1,1
6896,0,1,1,0,0,0,1,1
6899,0,0,1,1,0,1,0,0
6900,0,0,0,0,0,0,0,0
6901,0,0,1,1,1,1,1,1
6905,0,0,0,0,0,1,0,0
6909,0,1,0,0,0,0,1,1
6913,0,0,0,0,0,0,1,1
6914,0,0,1,1,1,1,0,0
6944,0,1,0,0,0,0,1,1
6945,0,1,0,0,1,0,1,1
6946,0,1,0,0,0,0,1,1
6947,0,1,0,1,1,1,1,1
6950,1,1,0,0,0,1,1,1
6954,0,1,0,0,0,0,1,1
69548,1,0,0,0,0,0,0,0
695679,1,0,0,0,0,0,0,0
6977,0,0,0,1,0,0,0,0
69785,0,0,0,1,1,1,0,0
697993,0,0,0,0,1,1,0,0
6986,0,1,0,0,0,0,0,0
6989,0,1,1,0,1,1,1,1
6992,0,1,0,0,0,0,0,0
6996,0,0,0,0,0,0,1,1
6998,0,1,1,0,0,1,1,1
700,1,1,1,0,0,0,1,1
7000,0,1,0,0,0,0,1,1
7003,0,0,0,0,0,1,0,0
7005,1,0,0,0,1,1,1,1
7013,0,0,0,0,0,1,0,0
7015,0,1,0,0,0,0,1,1
7017,0,1,0,0,1,0,1,1
7018,0,1,0,1,0,1,0,0
702,0,1,1,0,0,0,1,1
7027,0,1,0,0,0,0,1,1
7028,0,0,0,0,0,0,0,0
7029,0,0,0,0,0,0,0,0
70400055,1,0,0,0,0,0,0,0
7044,0,1,0,0,0,1,1,1
7047,0,1,1,0,0,1,1,1
7048,0,0,0,0,0,1,0,0
70495450,1,0,0,0,0,0,0,0
7055,0,0,1,0,1,1,0,0
7056,0,0,0,1,1,1,0,0
7057,0,1,0,0,0,0,1,1
7061,0,1,0,0,0,0,1,1
70678557,0,0,0,0,0,0,0,0
7070,0,1,0,0,1,1,1,1
7076,0,1,0,0,0,1,1,1
708857,0,0,0,0,0,0,0,0
7095,0,1,1,1,1,1,1,1
7102,0,1,0,0,0,0,1,1
7108,0,0,0,0,0,1,0,0
7111,0,1,0,0,1,1,1,1
7114,0,0,0,0,0,0,1,1
7115,0,0,0,0,0,1,0,0
712,0,1,1,0,1,0,1,1
71230671,1,0,0,0,0,0,0,0
71230673,1,0,0,0,0,0,0,0
71245,1,0,0,0,0,0,0,0
713,0,1,0,0,0,0,1,1
7148,0,1,0,0,0,0,0,0
71482,1,0,0,0,0,0,0,0
7150,0,0,1,0,0,1,0,0
7153,1,1,0,0,0,1,1,1
7157,0,1,0,0,0,1,1,1
71571511,0,0,0,0,0,0,0,0
7158,0,1,0,0,0,1,1,1
7159,0,1,0,0,0,0,0,0
71679243,1,0,0,0,0,0,0,0
7173,0,1,0,0,0,0,1,1
7174,0,0,0,0,0,0,0,0
7175,0,1,0,0,1,1,1,1
7184,0,1,0,0,1,0,1,1
71853,1,0,0,0,0,0,0,0
7187,0,1,0,0,0,0,1,1
7195,0,0,0,0,0,0,1,1
7204,1,1,0,0,0,1,1,1
7206,0,1,1,0,0,0,1,1
7207,1,1,0,0,0,1,1,1
7216,0,1,0,0,0,0,0,0
7219,0,0,0,0,0,1,0,0
7220,0,0,0,0,0,1,0,0
7222,0,0,1,1,1,0,1,1
7237,0,1,1,0,1,1,1,1
7239,0,1,1,1,1,1,1,1
7240,0,1,0,0,1,1,1,1
7242,0,1,0,0,0,1,1,1
7243,0,0,0,0,0,0,0,0
7244,0,0,1,1,1,0,0,0
7245,0,1,1,0,1,1,1,1
7248,0,1,0,0,0,0,1,1
7249,0,0,0,0,0,1,0,0
7250,0,1,0,0,0,0,1,1
7251,0,1,1,0,0,1,1,1
7254,0,0,0,0,0,1,1,1
7255,0,1,0,0,0,0,1,1
7257,1,1,1,0,0,1,1,1
7258,0,0,0,0,0,1,0,0
7259,0,1,1,0,0,0,1,1
7260,0,1,0,0,0,0,1,1
7261,0,0,0,0,0,0,1,1
7267,0,0,0,0,0,1,0,0
727,1,1,1,1,1,1,1,1
7270,0,0,1,1,1,1,1,1
7271,0,0,1,1,1,1,0,0
72734664,1,0,0,0,0,0,0,0
7276,0,0,0,0,0,0,1,1
7280,0,1,1,0,0,1,1,1
7281,0,0,0,0,0,0,1,1
7285,0,1,0,0,0,1,1,1
7286,0,1,0,0,0,0,0,0
7288,0,0,1,0,0,1,0,0
7290,0,1,0,0,0,0,1,1
7294,0,1,0,0,0,0,1,1
7296,0,1,0,0,0,1,1,1
7298,0,0,0,0,0,0,1,1
7311,0,0,0,0,1,1,0,0
7321,0,1,0,0,0,0,1,1
7324,0,0,0,0,0,0,0,0
7328,0,1,0,1,0,1,0,0
73281,1,0,0,0,0,0,0,0
73282,1,0,0,0,0,0,0,0
7340,0,0,0,0,0,0,0,0
7343,0,1,0,0,0,0,1,1
7344,0,1,1,0,0,0,1,1
7354,0,1,0,0,0,0,1,1
7357,0,1,0,0,0,0,1,1
7361,0,1,0,0,1,0,1,1
7362,0,1,0,0,1,0,1,1
736366,0,1,0,0,0,0,0,0
7366,0,0,0,0,0,1,0,0
73665,1,0,0,0,0,0,0,0
73669,1,0,0,0,0,0,0,0
7367,0,1,0,0,0,0,1,1
7368,0,1,0,0,0,0,1,1
7371,0,0,0,0,0,0,1,1
7393,0,0,0,1,1,1,0,0
7394,0,0,0,0,0,1,0,0
73981,0,0,0,0,0,0,0,0
7406,0,1,1,0,1,1,1,1
7407,0,1,0,0,0,1,1,1
7410,0,1,1,0,0,1,1,1
7412,0,1,0,0,0,0,1,1
7416,0,1,0,1,1,1,1,1
7422,0,0,0,0,0,0,0,0
7423,0,0,0,0,0,0,1,1
7430,1,1,0,0,0,0,1,1
7434,0,0,0,0,0,1,0,0
7439,0,1,1,0,0,0,1,1
7443,0,0,0,0,1,0,0,0
74483,0,0,0,1,1,1,0,0
7456,0,1,0,0,0,1,1,1
7463,0,0,1,0,1,1,0,0
7467,0,1,0,0,0,0,0,0
7468,0,0,0,0,0,0,1,1
7473,0,1,0,0,0,0,1,1
7474,0,1,0,0,1,0,1,1
7475,0,1,0,0,0,0,1,1
7477,0,1,0,0,0,0,0,0
74819,1,0,0,0,0,0,0,0
7489,0,1,0,0,0,0,1,1
7498,0,1,0,0,0,0,0,0
7499,0,0,0,0,0,0,1,1
750,0,0,0,0,0,0,0,0
7500,0,1,1,0,1,1,1,1
7501,0,1,1,0,1,1,1,1
7502,0,1,0,0,0,0,1,1
7503,0,1,0,0,0,1,1,1
7504,0,0,1,0,0,0,1,1
7505,0,1,0,0,1,0,1,1
7509,0,1,0,0,0,0,0,0
75103,0,0,0,0,0,1,0,0
7511,1,0,0,0,0,0,0,0
7515,0,1,1,0,0,0,1,1
7516,0,1,0,0,0,0,1,1
7518,0,0,0,0,0,0,0,0
7519,0,1,0,0,0,0,1,1
7521,0,1,0,0,0,0,1,1
7525,0,1,0,0,0,0,0,0
753,0,1,1,0,0,1,1,1
7533,0,1,0,0,0,0,1,1
7541,0,1,0,0,0,0,1,1
7543,0,0,0,0,0,1,1,1
7547,0,0,1,0,0,1,0,0
7551,0,1,0,0,0,0,1,1
7560,1,0,1,0,0,0,0,0
7564,0,1,0,0,0,0,1,1
7565,0,0,0,0,1,1,1,1
7567,0,0,0,0,0,1,1,1
7577,0,1,0,0,0,0,1,1
7579,0,1,0,0,0,0,0,0
7580,0,0,0,0,1,0,0,0
7583,0,1,1,0,1,0,1,1
7592,0,0,0,0,0,0,1,1
7612,0,1,0,0,0,0,0,0
7616,0,1,0,0,0,0,0,0
7617,0,0,0,0,0,0,0,0
7618,0,1,0,0,0,0,1,1
7622,0,1,0,0,0,0,1,1
7628,1,1,0,0,0,0,1,1
7635,0,0,0,0,0,0,1,1
7636,0,1,0,0,0,0,1,1
7639,0,0,0,0,0,0,0,0
7641,0,1,0,0,0,1,1,1
7657,0,0,0,0,0,1,0,0
7668,0,0,0,0,0,1,0,0
7674,0,1,0,0,0,0,1,1
7675,0,0,0,0,1,0,0,0
768,0,1,1,0,0,0,1,1
7693,0,1,0,0,0,0,0,0
76968156,0,1,0,0,0,0,0,0
7705,0,0,0,0,0,1,0,0
7710,0,0,1,0,1,0,0,0
7716,0,1,0,0,0,0,1,1
7720,0,1,1,0,1,1,1,1
7721,0,1,0,0,0,0,0,0
7723,0,0,0,0,0,0,1,1
7732,0,1,0,0,0,0,1,1
77338,1,0,0,0,0,0,0,0
7737,0,0,0,0,0,0,0,0
774,0,0,0,0,0,0,0,0
7749,0,0,0,0,1,0,0,0
7751,0,1,0,0,0,0,0,0
7757,0,1,0,0,0,0,1,1
7758,0,1,0,0,0,0,1,1
7762,0,1,1,0,1,0,1,1
7764,0,0,0,0,0,0,1,1
7765,0,1,0,0,0,0,0,0
7766,0,1,0,0,0,0,1,1
7768,0,1,0,0,0,0,1,1
7771,0,0,1,0,1,1,0,0
77797,0,0,0,1,1,0,0,0
7794,0,1,1,0,0,0,1,1
7802,0,1,0,0,0,0,1,1
7804,0,0,0,0,0,0,1,1
7807,0,1,0,0,0,0,1,1
7808,0,0,1,1,1,0,0,0
7809,0,1,1,0,1,1,1,1
7810,0,1,0,0,0,0,1,1
7811,0,1,0,0,0,0,0,0
7812,0,1,0,0,0,1,1,1
7813,0,1,0,0,0,0,1,1
7814,0,1,0,0,0,0,1,1
7819,0,1,0,0,0,0,1,1
7834,0,0,0,0,0,0,1,1
7835,0,1,0,0,0,1,1,1
7837,0,1,0,0,0,0,1,1
7839,0,1,1,0,0,1,1,1
784,0,0,0,0,0,0,0,0
7840,0,1,0,0,0,0,1,1
7841,0,1,0,0,0,0,1,1
7843,0,1,0,0,0,1,1,1
7844,0,1,1,0,0,0,1,1
7845,0,1,0,0,0,0,1,1
7847,1,1,1,0,1,1,1,1
7848,0,1,1,0,0,0,1,1
7849,0,0,0,0,0,1,0,0
785,0,1,1,1,0,0,1,1
7850,0,1,0,0,0,0,1,1
7853,0,1,0,0,0,0,1,1
7854,0,1,0,0,0,0,1,1
7855,1,1,0,0,0,1,1,1
7857,0,1,0,0,0,0,0,0
7858,1,1,1,0,1,0,1,1
7860,0,1,0,0,0,0,1,1
7861,0,1,0,0,0,0,0,0
7863,0,0,0,0,0,0,1,1
7865,0,1,0,0,0,0,1,1
7868,0,1,0,0,0,0,1,1
787,0,1,0,0,0,0,0,0
7870,0,1,0,0,0,0,1,1
7873,0,1,0,0,0,0,0,0
7881,0,1,0,0,0,0,1,1
7884,0,1,0,0,0,0,0,0
7892,0,1,0,0,0,0,1,1
7895,0,1,1,0,0,0,1,1
7896,0,1,0,0,0,0,1,1
7897,0,0,0,0,0,0,1,1
7900,0,1,0,0,1,0,1,1
7902,0,1,0,0,1,0,1,1
7903,0,1,0,0,0,0,1,1
7904,0,1,0,0,0,0,1,1
7906,0,0,0,1,0,0,0,0
7909,0,1,1,0,1,1,1,1
7910,0,1,0,0,1,1,1,1
7912,0,1,0,0,0,1,1,1
7914,0,1,0,0,0,0,1,1
7915,0,1,0,0,0,0,1,1
7917,0,0,0,0,0,0,1,1
7918,0,1,0,0,0,0,0,0
7922,0,1,0,0,0,0,1,1
7923,0,1,0,0,0,0,1,1
7929,0,1,1,0,0,1,1,1
7930,0,1,0,0,0,0,0,0
7932,0,1,1,0,0,1,1,1
7933,0,1,0,0,0,1,1,1
7934,0,1,0,0,0,0,1,1
7937,0,1,0,0,0,1,1,1
7944,0,1,1,0,1,1,1,1
7947,0,1,0,0,1,1,1,1
7948,0,0,0,0,0,1,0,0
7949,0,1,0,0,0,0,1,1
7950,0,1,0,1,1,1,1,1
7953,0,1,0,0,0,0,1,1
7955,0,0,0,0,0,0,1,1
7956,0,0,0,0,0,0,1,1
7958,0,1,0,0,0,0,1,1
7959,0,1,0,0,0,0,1,1
7961,0,1,0,0,0,1,1,1
7962,0,0,0,0,0,0,1,1
7963,0,0,0,1,0,0,0,0
7964,0,1,1,1,1,1,1,1
7965,0,1,0,0,0,0,1,1
7966,0,1,1,0,0,0,1,1
7967,0,1,0,0,0,0,1,1
7969,0,0,0,0,0,1,0,0
7970,0,0,0,0,1,0,0,0
7975,0,1,0,0,1,1,1,1
798,0,1,1,0,1,1,1,1
7986,0,1,0,0,0,0,1,1
7991,0,0,0,0,1,1,0,0
7997,0,1,0,0,0,0,1,1
8002,0,1,0,0,0,0,1,1
8003,0,1,1,0,0,1,1,1
8004,0,1,0,0,0,0,1,1
8007,0,1,1,0,1,0,1,1
8010,0,1,0,0,0,0,1,1
8011,0,1,0,0,0,0,1,1
8012,0,1,0,0,0,0,1,1
8016,0,1,0,0,0,0,1,1
8019,0,1,0,0,0,0,1,1
802,1,0,0,0,0,0,0,0
8020,0,1,0,0,0,0,1,1
8021,0,1,1,0,0,1,1,1
8025,0,1,0,0,1,0,1,1
8026,0,1,0,0,0,0,0,0
8027,0,1,0,0,0,1,1,1
80277,1,0,0,0,0,0,0,0
8028,0,1,0,0,0,1,1,1
8029,0,1,1,0,0,0,1,1
8030,0,1,0,0,0,0,1,1
8033,0,1,0,0,0,0,1,1
8034,0,0,0,0,0,0,0,0
8038,0,1,0,0,0,0,1,1
8042,0,1,0,0,0,1,1,1
8050,0,0,0,0,0,1,0,0
8051,0,1,1,0,1,0,1,1
8054,0,1,0,0,0,0,1,1
8058,0,1,1,0,0,1,1,1
8063,0,1,1,0,1,0,1,1
8064,0,1,0,0,0,0,1,1
8066,0,1,0,0,0,0,1,1
8067,0,1,0,0,0,0,1,1
8068,0,0,1,0,0,0,1,1
807,0,0,0,0,0,0,0,0
8071,0,1,0,0,0,0,1,1
8074,0,1,0,0,0,1,1,1
8076,0,1,0,0,0,0,1,1
8078,0,1,1,0,0,1,1,1
8079,0,1,0,0,0,1,1,1
8082,0,0,1,0,1,1,1,1
8083,0,1,1,0,1,0,1,1
8086,0,1,0,0,0,0,1,1
8087,0,0,0,0,0,0,1,1
8091,0,0,1,0,1,0,0,0
8094,0,0,1,0,0,1,0,0
8095,0,1,1,0,0,0,1,1
8102,0,0,1,0,0,1,0,0
8103,0,1,1,0,1,1,1,1
8105,0,0,0,0,0,1,0,0
8111,0,1,0,0,0,0,1,1
8112,0,1,0,0,0,0,1,1
8113,0,1,0,0,0,1,1,1
8115,0,1,0,0,1,1,1,1
8117,0,1,0,0,0,1,1,1
8119,0,1,0,0,0,0,1,1
8121,0,1,0,0,0,0,1,1
8125,0,1,0,0,0,0,1,1
8128,0,1,0,0,0,0,1,1
8129,0,1,1,0,1,0,1,1
8130,0,0,1,0,1,1,0,0
8133,0,1,0,0,0,1,1,1
8134,0,1,0,0,0,0,1,1
8139,0,0,0,0,0,1,0,0
8141,0,1,1,0,1,1,1,1
8146,0,1,0,0,0,0,1,1
8147,0,1,0,0,1,1,1,1
8148,0,1,0,0,0,1,1,1
8150,0,1,0,0,0,0,1,1
8158,0,0,1,0,1,1,0,0
8160,0,1,0,0,0,0,1,1
8163,0,0,0,0,1,0,0,0
8172,0,1,0,0,0,0,1,1
8174,0,1,1,0,1,0,1,1
8175,0,1,1,0,0,0,1,1
8177,0,1,0,0,0,0,1,1
8178,0,1,0,0,0,0,1,1
8179,0,1,0,0,0,0,1,1
8181,0,0,0,0,0,1,0,0
8182,0,0,1,1,1,1,0,0
8183,0,1,1,0,0,0,1,1
8184,0,1,0,0,1,0,1,1
8188,0,0,0,0,0,0,0,0
8190,0,1,0,0,0,1,1,1
8193,0,1,1,0,1,0,1,1
8195,0,1,0,0,0,1,0,0
8200,0,1,0,0,0,0,1,1
8201,0,0,0,0,0,1,0,0
8209,0,0,1,0,1,0,0,0
8215,0,0,1,0,1,1,0,0
8221,0,1,1,0,0,1,1,1
8222,0,0,1,0,1,1,0,0
8227,0,1,0,0,0,0,1,1
8249,0,0,0,0,0,0,0,0
8252,0,1,1,0,0,1,1,1
8254,0,1,0,0,0,0,1,1
8255,0,1,0,0,0,0,1,1
8264,1,1,0,0,0,0,1,1
8265,0,0,0,0,0,0,0,0
8266,0,0,0,0,0,0,0,0
8267,0,1,0,0,0,0,1,1
8268,0,1,0,1,1,1,1,1
8280,0,0,0,0,0,0,0,0
8285,0,1,0,0,0,0,1,1
8286,0,0,0,0,0,0,0,0
8289,0,1,0,1,1,1,1,1
8290,0,0,0,0,0,1,0,0
8292,1,1,1,0,0,1,1,1
8294,0,1,1,0,0,0,1,1
8295,0,0,1,1,1,1,1,1
8297,0,1,0,0,0,0,0,0
8301,0,1,0,0,0,0,0,0
8303,0,1,0,0,0,0,0,0
8305,1,1,0,0,1,0,1,1
8313,0,0,0,0,0,0,1,1
8330,0,1,0,0,0,1,1,1
8331,0,0,0,0,0,0,0,0
8342,0,1,0,0,0,0,1,1
8343,1,1,1,1,1,1,1,1
8346,0,1,1,0,1,1,1,1
8370,0,1,1,1,1,1,1,1
8371,0,1,0,0,0,0,1,1
8376,0,1,0,0,0,1,1,1
8379,0,1,0,0,0,0,1,1
8380,0,1,0,0,0,0,1,1
8393,0,1,0,0,0,0,1,1
8404,0,1,0,0,1,1,1,1
84098,1,0,0,0,0,0,0,0
8411,0,1,0,0,0,0,1,1
8413,0,1,0,0,0,0,1,1
8418,0,1,1,1,1,1,1,1
8427,0,1,0,0,0,1,1,1
8430,0,0,0,1,0,0,0,0
8434,0,1,0,0,1,1,1,1
8438,0,1,1,0,0,0,1,1
8441,0,0,0,0,0,1,1,1
8442,0,0,0,0,0,0,0,0
8447,0,1,0,0,0,0,1,1
8449,0,1,1,1,1,1,1,1
8452,0,0,0,0,0,0,1,1
8456,0,0,0,0,0,0,0,0
8460,0,0,0,0,1,0,0,0
8461,0,1,0,1,0,1,1,1
8467,0,1,0,0,0,1,1,1
8471,0,1,0,0,0,1,1,1
8472,0,1,0,0,0,0,1,1
8478,0,0,0,0,0,0,1,1
8489,0,1,0,0,1,0,1,1
8490,0,1,0,0,1,1,1,1
8494,0,0,0,0,0,0,1,1
8496,0,1,0,0,0,0,1,1
8518,0,1,0,0,0,0,1,1
8530,0,1,0,0,0,0,1,1
8554,1,1,1,0,1,1,1,1
8560,1,0,0,0,0,1,0,0
8561,0,1,0,0,0,0,1,1
8569,0,0,0,0,0,1,0,0
8572,0,0,0,0,0,1,0,0
8576,0,0,0,0,0,1,0,0
8594,0,1,0,0,0,0,1,1
8606,1,1,1,1,0,1,1,1
8607,1,0,1,0,0,0,1,1
86102,1,0,0,0,0,0,0,0
8612,0,0,0,0,0,0,0,0
86132,1,0,0,0,0,0,0,0
86134,1,0,0,0,0,0,0,0
86137,1,0,0,0,0,1,0,0
86138,1,0,0,0,0,0,0,0
86173,1,0,1,0,0,1,0,0
8620,0,0,1,0,1,0,0,0
86210,1,0,0,0,0,0,0,0
86211,1,0,0,0,0,0,0,0
86287518,1,0,0,0,0,0,0,0
86287519,1,0,1,1,0,1,0,0
86287521,1,0,0,0,0,0,0,0
8630,1,1,0,0,0,0,1,1
86308,1,0,0,0,0,0,0,0
8635,0,1,1,0,0,0,1,1
86355,1,0,0,0,0,0,0,0
86356,1,0,0,0,0,0,0,0
86367,1,0,0,0,0,1,0,0
86369,1,0,0,0,0,0,0,0
86389,1,0,0,0,0,0,0,0
86398,1,0,0,0,0,1,0,0
8640,0,1,0,0,1,1,1,1
86412,1,0,0,0,0,0,0,0
86414,1,0,0,0,0,0,0,0
86417,1,0,0,0,0,0,0,0
86422,1,0,0,0,0,0,0,0
86429,1,0,0,0,0,0,0,0
86453,1,0,0,0,0,0,0,0
8653,0,0,0,0,0,0,1,1
8663,0,0,0,0,0,1,0,0
867,0,0,1,0,0,1,0,0
8679,0,0,0,0,0,0,0,0
8680,0,0,0,0,0,1,0,0
8686,1,0,0,0,0,0,1,1
8697,0,0,0,0,1,0,0,0
8698,0,1,1,0,0,0,1,1
8706,0,0,0,0,0,0,1,1
8711,0,1,0,0,0,0,1,1
8712,0,1,0,0,0,0,0,0
8717,0,0,0,0,0,0,0,0
8722,1,0,0,0,0,0,0,0
8758,0,0,0,0,0,0,1,1
8778,0,1,0,0,0,0,1,1
878,0,1,1,0,0,0,1,1
8785,0,0,0,0,0,0,1,1
8794,0,1,1,0,0,0,1,1
8796,1,0,0,0,0,0,0,0
8800,1,1,0,0,0,0,1,1
8809,0,1,0,0,0,0,0,0
8820,0,0,0,0,0,0,0,0
8821,0,1,0,0,1,0,1,1
8842,0,0,1,0,0,1,0,0
8846,0,1,0,0,0,0,1,1
8853,0,0,0,0,1,0,0,0
8857,0,1,1,0,1,0,1,1
8858,0,1,1,0,0,0,1,1
8864,0,0,0,0,1,0,0,0
8868,0,0,0,0,0,0,0,0
887,0,1,1,0,0,0,1,1
8892,0,0,1,1,0,1,0,0
8893,0,0,0,0,0,0,0,0
8894,0,0,0,0,0,0,0,0
8895,0,0,0,0,0,0,0,0
8897,0,0,0,0,0,0,0,0
8900,0,1,1,0,1,1,1,1
8902,0,0,1,0,1,1,1,1
8907,0,0,0,0,0,1,1,1
8909,0,1,0,0,0,0,1,1
8914,0,0,1,0,1,0,0,0
8929,0,0,0,0,0,0,0,0
8944,0,0,0,0,0,0,0,0
89440,0,0,0,1,1,1,0,0
8946,0,1,0,0,0,0,1,1
8947,1,1,0,0,0,1,1,1
8948,0,0,0,0,0,0,1,1
89594,0,1,0,0,0,0,1,1
8982,0,0,0,0,0,0,0,0
8992,0,0,0,0,0,0,0,0
9011,0,1,0,0,0,0,0,0
9032,0,0,0,0,0,0,0,0
9033,0,1,0,0,0,0,0,0
90363,1,0,0,0,0,0,0,0
9037,1,1,0,0,0,0,1,1
904,0,0,0,0,0,0,1,1
9051,0,0,0,0,0,0,0,0
90756,1,0,0,0,0,0,0,0
9106,0,0,1,0,1,1,0,0
9108,0,0,0,0,1,1,0,0
9117,0,0,1,1,1,1,0,0
9119,0,0,0,0,1,0,0,0
9126,0,0,0,1,0,1,0,0
9128,0,0,1,1,1,1,0,0
9131,0,0,1,1,1,1,0,0
9134,0,0,0,0,0,1,0,0
9135,0,0,0,0,0,1,0,0
9142,0,0,1,1,1,1,0,0
9144,0,0,0,0,1,1,0,0
91497,0,0,0,1,1,1,0,0
9152,0,0,0,0,1,1,0,0
9153,0,0,1,1,1,1,0,0
9154,0,0,1,1,1,1,0,0
9158,0,0,1,1,1,1,0,0
91590,0,0,1,0,1,1,0,0
91600,1,0,0,0,0,0,0,0
9161,0,0,1,1,1,1,1,1
91644,1,0,0,0,0,0,0,0
91650,1,0,0,0,0,0,0,0
91655,1,0,0,0,0,0,0,0
91656,1,0,0,0,0,0,0,0
91664,1,0,1,0,1,1,0,0
91673,1,0,0,0,0,0,0,0
91679,1,0,0,0,0,0,0,0
91683,1,0,0,0,0,0,0,0
91688,0,0,0,0,0,1,0,0
91689,1,0,0,0,0,0,0,0
9169,0,1,0,0,0,0,1,1
91693,1,0,0,0,0,0,0,0
91694,1,0,0,0,0,0,0,0
91696,0,0,0,0,1,1,0,0
91699,1,0,0,0,0,0,0,0
91701,1,0,0,0,0,0,0,0
91708,1,0,0,0,0,0,0,0
9171,0,0,1,1,1,1,1,1
91715,1,0,0,0,0,0,0,0
91716,1,0,0,0,0,0,0,0
91724,1,0,0,0,0,0,0,0
91727,1,0,0,0,0,0,0,0
91729,1,0,0,0,0,0,0,0
91730,1,0,0,0,0,0,0,0
91731,1,0,0,0,0,0,0,0
91734,1,0,0,0,0,0,0,0
91735,1,0,0,0,0,0,0,0
91739,1,0,0,0,0,0,0,0
91741,1,0,0,0,0,0,0,0
91743,1,0,0,0,0,0,0,0
91745,1,0,0,0,0,0,0,0
91749,1,0,0,0,0,0,0,0
91750,1,0,0,0,0,0,0,0
91751,1,0,0,0,0,0,0,0
91752,1,0,0,0,0,1,0,0
91753,1,0,0,0,0,0,0,0
91755,1,0,0,0,0,0,0,0
91756,1,0,0,0,0,0,0,0
91757,1,0,0,0,0,0,0,0
91758,1,0,0,0,0,0,0,0
91759,1,0,0,0,0,0,0,0
91760,1,0,0,0,0,0,0,0
91762,1,0,0,0,0,0,0,0
91763,1,0,0,0,0,0,0,0
91766,1,0,0,0,0,0,0,0
9177,0,0,0,0,0,1,0,0
91770,1,0,0,0,0,0,0,0
91772,1,0,0,0,0,0,0,0
91773,1,0,0,0,0,0,0,0
91774,1,0,0,0,0,0,0,0
91777,1,0,0,0,0,0,0,0
91778,1,0,0,0,0,0,0,0
91779,1,0,0,0,0,0,0,0
9181,0,0,0,0,0,1,0,0
9183,0,0,0,0,0,1,0,0
9195,0,0,0,0,1,1,0,0
9215,0,1,1,0,1,1,1,1
92389,1,0,0,0,0,0,0,0
92396,1,0,0,0,0,0,0,0
92421,1,0,0,0,0,0,0,0
92425,1,0,0,0,0,0,0,0
92431,1,0,0,0,0,0,0,0
9250,0,1,0,0,0,0,1,1
9253,0,1,0,0,0,1,1,1
9265,0,1,0,0,0,0,1,1
9268,0,0,0,0,0,1,0,0
9271,1,0,0,0,0,0,0,0
9272,1,1,0,0,0,0,1,1
9275,0,1,0,0,0,0,1,1
9294,0,0,1,0,0,0,0,0
9298,0,1,0,0,1,1,1,1
9300,0,1,0,0,0,1,0,0
931,0,1,1,1,1,1,1,1
9317,0,0,0,0,0,0,0,0
9321,0,1,0,0,0,0,1,1
93228,1,0,0,0,0,0,0,0
9330,0,0,0,0,0,0,0,0
93315,1,0,0,0,0,0,0,0
93365,1,0,0,0,0,0,0,0
93379,1,0,0,0,0,0,0,0
93460,1,0,0,0,0,0,0,0
93482,1,0,0,0,0,0,0,0
93483,1,0,0,0,0,0,0,0
935,0,0,0,0,0,0,1,1
9351,0,0,0,0,0,0,0,0
93539,1,0,0,0,0,0,0,0
93541,1,0,0,0,0,0,0,0
936,0,1,1,0,0,0,1,1
938,0,0,1,0,0,0,0,0
9411,1,1,1,0,0,1,1,1
9414,0,1,0,0,0,0,1,1
9433,0,0,0,0,0,0,0,0
944,0,1,0,0,0,0,0,0
94498,1,0,0,0,0,0,0,0
94578,1,0,0,0,0,0,0,0
9477,0,1,0,0,0,0,1,1
948,0,0,0,0,0,0,0,0
9481,0,0,0,0,1,1,0,0
949,0,1,1,0,0,0,1,1
9502,1,1,0,0,0,1,1,1
9550,0,1,0,0,0,0,1,1
9554,0,0,1,1,1,1,0,0
957,0,1,1,1,1,0,1,1
9570071,1,0,0,0,0,0,0,0
9570291,1,0,0,0,0,0,0,0
9571009,1,0,0,0,0,0,0,0
9576037,1,0,0,0,0,0,0,0
9576081,1,0,0,0,0,0,0,0
9576412,1,0,0,0,0,0,0,0
9595287,1,0,0,0,0,0,0,0
9601227,1,0,0,0,0,0,0,0
962,0,0,1,0,0,1,0,0
9635,0,0,0,0,0,1,0,0
9681,0,0,0,0,0,0,0,0
969491,1,1,1,1,1,1,1,1
971,0,1,1,1,0,1,1,1
9731,0,0,0,0,0,0,1,1
9738,0,1,0,0,0,0,0,0
9740,0,1,0,0,0,0,1,1
9782,0,0,0,0,0,0,0,0
9796,1,0,0,0,0,0,0,0
9796266,1,0,0,0,0,0,0,0
980,0,1,0,0,1,1,1,1
9828359,1,0,0,0,0,0,0,0
9834513,1,0,0,0,0,0,0,0
985,0,0,1,0,1,1,0,0
9853654,0,0,0,0,0,0,0,0
9862076,1,0,0,0,0,0,0,0
9864,0,1,0,0,0,0,1,1
9865,0,0,0,0,0,1,0,0
9877911,0,1,1,1,0,1,0,0
9904,0,0,0,0,0,0,0,0
9907412,1,0,0,0,0,1,0,0
991,0,1,1,1,1,1,1,1
992,1,1,1,1,1,1,1,1
9930667,1,0,0,0,0,0,0,0
995,0,1,1,1,1,1,1,1
9955886,1,0,0,0,0,0,0,0
996,0,1,0,1,1,1,1,1
9969573,1,0,0,0,0,0,0,0
9989226,0,0,0,0,0,1,0,0
999,0,0,1,1,1,1,0,0
9999,0,1,0,0,0,0,0,0
